{"type": "FeatureCollection", "features": [{"type": "Feature", "geometry": {"type": "Polygon", "coordinates": [[[37.7485709, 55.6472893], [37.7485465, 55.6472672], [37.748656, 55.6472288], [37.7487239, 55.6472906], [37.7488855, 55.647234], [37.7488124, 55.6471675], [37.7489501, 55.6471193], [37.7489783, 55.6471449], [37.7490748, 55.647111], [37.7489202, 55.6469708], [37.7488544, 55.646994], [37.7487428, 55.646893], [37.7487862, 55.6468777], [37.748651, 55.6467556], [37.7485863, 55.6467785], [37.748612, 55.6468017], [37.7484394, 55.6468628], [37.7483722, 55.6468024], [37.7482375, 55.6468501], [37.7483013, 55.6469075], [37.7481808, 55.6469502], [37.7481541, 55.6469263], [37.7480625, 55.6469588], [37.7482117, 55.6470925], [37.7482592, 55.6470756], [37.7483606, 55.6471664], [37.7483276, 55.6471871], [37.7484764, 55.6473224], [37.7485709, 55.6472893]]]}, "properties": {"id": "b27668607", "floors": 4, "name": "", "osm_building": "school", "addr": "Люблинская улица 173"}}, {"type": "Feature", "geometry": {"type": "Polygon", "coordinates": [[[37.7499514, 55.6471941], [37.749894, 55.6471866], [37.7498359, 55.647179], [37.7498078, 55.6472472], [37.7497198, 55.6472357], [37.7496675, 55.647363], [37.749496, 55.64778], [37.7494667, 55.6478512], [37.7495582, 55.6478632], [37.7495451, 55.6478952], [37.749533, 55.6479245], [37.7496543, 55.6479404], [37.7496318, 55.6479949], [37.749698, 55.6480036], [37.749706, 55.647984], [37.7498593, 55.6480041], [37.7498512, 55.6480238], [37.7499536, 55.6480372], [37.7500682, 55.6480522], [37.7500776, 55.6480295], [37.7501848, 55.6480435], [37.7502214, 55.6479546], [37.7501668, 55.6479475], [37.7501709, 55.6479374], [37.7499005, 55.647902], [37.7498957, 55.6479138], [37.749796, 55.6479007], [37.7498004, 55.6478901], [37.7496845, 55.647875], [37.7496995, 55.6478387], [37.7496713, 55.647835], [37.7497073, 55.6477473], [37.7497375, 55.6477513], [37.7497604, 55.6476957], [37.7497876, 55.6476295], [37.7497527, 55.6476249], [37.7497883, 55.6475382], [37.7498242, 55.6475429], [37.7498475, 55.6474863], [37.7498741, 55.6474214], [37.749837, 55.6474166], [37.7498873, 55.6472942], [37.7499308, 55.6472999], [37.7499442, 55.6472673], [37.7499917, 55.6472735], [37.7499999, 55.6472534], [37.7501574, 55.647274], [37.7501493, 55.6472937], [37.7502386, 55.6473054], [37.7503649, 55.6473219], [37.7503734, 55.6473013], [37.7504838, 55.6473157], [37.7505211, 55.6472249], [37.7504632, 55.6472173], [37.750467, 55.6472082], [37.7502013, 55.6471734], [37.7501967, 55.6471847], [37.7500987, 55.6471719], [37.7501025, 55.6471626], [37.7499714, 55.6471455], [37.7499514, 55.6471941]]]}, "properties": {"id": "b27671918", "floors": 14, "name": "", "osm_building": "apartments", "addr": "Марьинский бульвар 4"}}, {"type": "Feature", "geometry": {"type": "Polygon", "coordinates": [[[37.7506841, 55.6480104], [37.7506738, 55.6480384], [37.7509669, 55.6480728], [37.750974, 55.6480535], [37.7511534, 55.6480745], [37.7511966, 55.6479575], [37.7509197, 55.647925], [37.750928, 55.6479024], [37.7508191, 55.6478896], [37.7508136, 55.6479045], [37.7505318, 55.6478714], [37.750489, 55.6479875], [37.7506841, 55.6480104]]]}, "properties": {"id": "b27671919", "floors": 3, "name": "", "osm_building": "kindergarten", "addr": "Марьинский бульвар 6"}}, {"type": "Feature", "geometry": {"type": "Polygon", "coordinates": [[[37.7519421, 55.6482214], [37.7520608, 55.648237], [37.7520869, 55.6481737], [37.7521849, 55.6481866], [37.7522159, 55.6481115], [37.7521879, 55.6481078], [37.75221, 55.6480542], [37.7522367, 55.6480577], [37.7523014, 55.6479006], [37.7522748, 55.6478971], [37.7522963, 55.647845], [37.7523207, 55.6478482], [37.7523834, 55.6476961], [37.7523553, 55.6476924], [37.752379, 55.647635], [37.7524066, 55.6476386], [37.7524353, 55.6475691], [37.752348, 55.6475576], [37.7523747, 55.6474928], [37.7522583, 55.6474775], [37.7522802, 55.6474244], [37.7521526, 55.6474077], [37.752147, 55.6474214], [37.7520375, 55.6474071], [37.7520428, 55.6473943], [37.7517787, 55.6473596], [37.7517725, 55.6473747], [37.7517163, 55.6473673], [37.7516796, 55.6474562], [37.7517349, 55.6474634], [37.7517259, 55.6474853], [37.7519414, 55.6475136], [37.7519505, 55.6474917], [37.7521605, 55.6475193], [37.7521531, 55.6475372], [37.7522089, 55.6475445], [37.7521954, 55.6475772], [37.7522324, 55.6475821], [37.7521949, 55.6476731], [37.7521604, 55.6476685], [37.7521112, 55.6477878], [37.7521497, 55.6477929], [37.7521117, 55.6478849], [37.752081, 55.6478809], [37.7520465, 55.6479644], [37.7520325, 55.6479985], [37.7520596, 55.648002], [37.7520107, 55.6481207], [37.7519812, 55.6481168], [37.7519671, 55.6481511], [37.751856, 55.6481365], [37.7518507, 55.6481493], [37.7517388, 55.6481347], [37.7517431, 55.6481241], [37.751478, 55.6480893], [37.7514718, 55.6481042], [37.7514216, 55.6480976], [37.7513851, 55.6481862], [37.7514325, 55.6481924], [37.7514248, 55.6482109], [37.7515177, 55.6482231], [37.7516419, 55.6482394], [37.7516503, 55.6482193], [37.7518217, 55.6482418], [37.7518605, 55.6482468], [37.751852, 55.6482674], [37.7519195, 55.6482763], [37.7519421, 55.6482214]]]}, "properties": {"id": "b27671920", "floors": 14, "name": "", "osm_building": "apartments", "addr": "Луговой проезд 8 к1"}}, {"type": "Feature", "geometry": {"type": "Polygon", "coordinates": [[[37.750684, 55.6467759], [37.7508169, 55.646902], [37.7508523, 55.6468914], [37.7509658, 55.6469928], [37.7509355, 55.6470046], [37.7509759, 55.6470318], [37.7510569, 55.6470029], [37.7511294, 55.6470676], [37.7512224, 55.6470293], [37.7512792, 55.6470734], [37.7513208, 55.6470556], [37.7513043, 55.6470392], [37.751441, 55.6469878], [37.7514637, 55.6470035], [37.7516441, 55.6469394], [37.7516289, 55.646923], [37.7517179, 55.6468919], [37.7516336, 55.6468186], [37.7515823, 55.646837], [37.7515635, 55.6468223], [37.7511563, 55.6469674], [37.7508579, 55.6467078], [37.750684, 55.6467759]]]}, "properties": {"id": "b27671921", "floors": 17, "name": "", "osm_building": "apartments", "addr": "Луговой проезд 12 к2"}}, {"type": "Feature", "geometry": {"type": "Polygon", "coordinates": [[[37.7477302, 55.6455495], [37.7478401, 55.6455641], [37.7478997, 55.6453826], [37.7477708, 55.645366], [37.7477496, 55.6453984], [37.7476243, 55.645385], [37.7475833, 55.6454534], [37.7473861, 55.6454274], [37.747016, 55.6462969], [37.7470621, 55.646307], [37.7470648, 55.6463274], [37.7470781, 55.6463532], [37.7471104, 55.6463708], [37.747148, 55.6463803], [37.7471454, 55.6463979], [37.747161, 55.6464109], [37.747303, 55.6464313], [37.7473206, 55.6464011], [37.7474806, 55.6464232], [37.7475083, 55.6463672], [37.748249, 55.6464729], [37.7483354, 55.6463018], [37.7481513, 55.6462769], [37.7481206, 55.6463377], [37.7474401, 55.6462476], [37.7477302, 55.6455495]]]}, "properties": {"id": "b27671923", "floors": 14, "name": "", "osm_building": "apartments", "addr": "Люблинская улица 175"}}, {"type": "Feature", "geometry": {"type": "Polygon", "coordinates": [[[37.7501481, 55.6461813], [37.7499631, 55.6466685], [37.7500712, 55.6466815], [37.7500429, 55.646756], [37.7501561, 55.6467697], [37.7501368, 55.6468207], [37.7502031, 55.6468287], [37.7502518, 55.6468125], [37.7503279, 55.6468217], [37.7503728, 55.6467035], [37.7501485, 55.6466764], [37.7503283, 55.6462031], [37.7501481, 55.6461813]]]}, "properties": {"id": "b27671925", "floors": 10, "name": "", "osm_building": "apartments", "addr": "Луговой проезд 10 к2"}}, {"type": "Feature", "geometry": {"type": "Polygon", "coordinates": [[[37.752531, 55.6466015], [37.7528548, 55.6457557], [37.7526456, 55.6457302], [37.7522044, 55.6468826], [37.7520021, 55.6468579], [37.7519605, 55.6469665], [37.752235, 55.6469999], [37.7522767, 55.6468912], [37.7524137, 55.6469079], [37.752531, 55.6466015]]]}, "properties": {"id": "b27671929", "floors": 14, "name": "", "osm_building": "apartments", "addr": "Луговой проезд 12 к1"}}, {"type": "Feature", "geometry": {"type": "Polygon", "coordinates": [[[37.7518285, 55.6449342], [37.7520351, 55.6449658], [37.7521332, 55.6447353], [37.751995, 55.6446117], [37.7499314, 55.6443554], [37.7497192, 55.6444272], [37.749627, 55.6446484], [37.7498522, 55.6446856], [37.749948, 55.6444788], [37.7519095, 55.6447493], [37.7518285, 55.6449342]]]}, "properties": {"id": "b27671930", "floors": 14, "name": "", "osm_building": "apartments", "addr": "Поречная улица 3 к1"}}, {"type": "Feature", "geometry": {"type": "Polygon", "coordinates": [[[37.7444678, 55.6514995], [37.7447423, 55.6514858], [37.744751, 55.6514422], [37.7447828, 55.651282], [37.7448619, 55.6512678], [37.744958, 55.6512745], [37.7452273, 55.6513115], [37.7452159, 55.6513341], [37.7454304, 55.6513682], [37.7456336, 55.6513832], [37.7460258, 55.651451], [37.7460461, 55.6514349], [37.7461118, 55.6514444], [37.7461264, 55.651401], [37.7461164, 55.6513768], [37.7460504, 55.6513287], [37.7459702, 55.6513046], [37.7454651, 55.6512479], [37.7452678, 55.6512247], [37.7451862, 55.6511851], [37.7449345, 55.6511456], [37.7447396, 55.6511395], [37.7446417, 55.6511673], [37.744594, 55.6512339], [37.7444907, 55.6514081], [37.7445138, 55.6514131], [37.7444678, 55.6514995]]]}, "properties": {"id": "b27712035", "floors": 17, "name": "", "osm_building": "apartments", "addr": "Люблинская улица 163/1"}}, {"type": "Feature", "geometry": {"type": "Polygon", "coordinates": [[[37.7465366, 55.6515513], [37.7466431, 55.6515635], [37.746618, 55.6516334], [37.7465039, 55.6516203], [37.7464634, 55.651733], [37.7467166, 55.6517619], [37.746738, 55.6517024], [37.7471398, 55.6517531], [37.7471194, 55.6518099], [37.7473784, 55.6518395], [37.7474179, 55.6517295], [37.7473078, 55.6517169], [37.7473476, 55.6516061], [37.7474553, 55.6516184], [37.7475014, 55.6514902], [37.7471514, 55.6514501], [37.7471803, 55.6513696], [37.7469878, 55.6513476], [37.7469561, 55.6514359], [37.746593, 55.6513943], [37.7465366, 55.6515513]]]}, "properties": {"id": "b27712037", "floors": 3, "name": "Поликлиника №36 Детское отделение", "osm_building": "yes", "addr": "Новомарьинская улица 3"}}, {"type": "Feature", "geometry": {"type": "Polygon", "coordinates": [[[37.7454335, 55.6521235], [37.7456211, 55.6521484], [37.7456093, 55.6521766], [37.7458854, 55.6522134], [37.7458972, 55.6521852], [37.7460769, 55.6522091], [37.7461264, 55.6520907], [37.7458506, 55.652054], [37.7458598, 55.6520321], [37.7457684, 55.6520199], [37.7457562, 55.652049], [37.74548, 55.6520122], [37.7454335, 55.6521235]]]}, "properties": {"id": "b27712039", "floors": 3, "name": "", "osm_building": "kindergarten", "addr": "Люблинская улица 163/1 к1"}}, {"type": "Feature", "geometry": {"type": "Polygon", "coordinates": [[[37.7493942, 55.6519968], [37.7493689, 55.6520591], [37.7495406, 55.6520813], [37.7495814, 55.651981], [37.7494914, 55.6519694], [37.7495189, 55.6519015], [37.7494112, 55.6518876], [37.7494324, 55.6518356], [37.7492875, 55.6518169], [37.7483792, 55.6516994], [37.7479483, 55.6516437], [37.747926, 55.6516985], [37.7478018, 55.6516824], [37.7477745, 55.6517496], [37.7476816, 55.6517376], [37.7476518, 55.6518111], [37.747683, 55.6518151], [37.7476578, 55.6518773], [37.7476283, 55.6518735], [37.747569, 55.6520195], [37.7476044, 55.6520241], [37.7475937, 55.6520504], [37.7477529, 55.652071], [37.7477643, 55.652043], [37.747802, 55.6520478], [37.7478503, 55.6519288], [37.7478086, 55.6519234], [37.7478587, 55.6518001], [37.7478937, 55.6518046], [37.7479052, 55.6517764], [37.7479552, 55.6517829], [37.7479648, 55.6517592], [37.7481248, 55.6517799], [37.7481176, 55.6517976], [37.7483406, 55.6518265], [37.7483487, 55.6518064], [37.7485236, 55.651829], [37.7485145, 55.6518513], [37.7487136, 55.651877], [37.7487208, 55.6518593], [37.7488893, 55.6518811], [37.7488823, 55.6518983], [37.7490908, 55.6519252], [37.7490994, 55.6519039], [37.7493255, 55.6519332], [37.7493177, 55.6519523], [37.7493678, 55.6519587], [37.7493544, 55.6519916], [37.7493942, 55.6519968]]]}, "properties": {"id": "b27712047", "floors": 14, "name": "", "osm_building": "apartments", "addr": "Новомарьинская улица 5"}}, {"type": "Feature", "geometry": {"type": "Polygon", "coordinates": [[[37.7504449, 55.6522925], [37.7505766, 55.6520327], [37.750293, 55.6519879], [37.7501636, 55.6522541], [37.7504449, 55.6522925]]]}, "properties": {"id": "b27712048", "floors": 3, "name": "ОВД \"Марьинский парк\"", "osm_building": "yes", "addr": "Новомарьинская улица 7"}}, {"type": "Feature", "geometry": {"type": "Polygon", "coordinates": [[[37.7480486, 55.652138], [37.7478868, 55.6525359], [37.748019, 55.6526762], [37.748419, 55.6527346], [37.7484566, 55.6526045], [37.7481225, 55.652554], [37.7482684, 55.6521691], [37.7480486, 55.652138]]]}, "properties": {"id": "b27712049", "floors": 10, "name": "", "osm_building": "apartments", "addr": "Новомарьинская улица 5 к1"}}, {"type": "Feature", "geometry": {"type": "Polygon", "coordinates": [[[37.7499119, 55.6529202], [37.7500998, 55.6529021], [37.7502197, 55.6528187], [37.7502836, 55.6526406], [37.7500549, 55.6526103], [37.7500183, 55.6526828], [37.7499682, 55.6527818], [37.749809, 55.6527618], [37.7495078, 55.652724], [37.7493923, 55.6527095], [37.7494004, 55.6526728], [37.7492087, 55.6526501], [37.7489147, 55.6526153], [37.7487952, 55.6526011], [37.7487489, 55.6527398], [37.7493028, 55.6527996], [37.7492924, 55.6528368], [37.7499119, 55.6529202]]]}, "properties": {"id": "b27712050", "floors": 4, "name": "", "osm_building": "apartments", "addr": "Новомарьинская улица 7 к1"}}, {"type": "Feature", "geometry": {"type": "Polygon", "coordinates": [[[37.7484913, 55.653396], [37.748457, 55.6533672], [37.7486034, 55.6533101], [37.7485252, 55.6532343], [37.748583, 55.6532119], [37.7484073, 55.6530704], [37.7483433, 55.6530904], [37.7480944, 55.6528839], [37.7479761, 55.652927], [37.7479238, 55.6528798], [37.7476014, 55.6530018], [37.7477034, 55.6531025], [37.7478225, 55.6530564], [37.7479416, 55.6530102], [37.748013, 55.6530698], [37.7481193, 55.6531586], [37.7482082, 55.6531305], [37.7482935, 55.6532048], [37.7483788, 55.653279], [37.7481887, 55.65335], [37.7481051, 55.6533812], [37.7482331, 55.6534976], [37.7484913, 55.653396]]]}, "properties": {"id": "b27712051", "floors": 4, "name": "", "osm_building": "apartments", "addr": "Новомарьинская улица 5 к2"}}, {"type": "Feature", "geometry": {"type": "Polygon", "coordinates": [[[37.7490446, 55.6535925], [37.7490543, 55.6535674], [37.749163, 55.6535807], [37.7491347, 55.653654], [37.7493246, 55.6536773], [37.7493598, 55.6535865], [37.7495239, 55.6536067], [37.7495131, 55.6536346], [37.7496193, 55.6536477], [37.7496813, 55.6534876], [37.749639, 55.6534816], [37.7496797, 55.6533814], [37.7497293, 55.6533875], [37.7497911, 55.6532253], [37.7496734, 55.653211], [37.7496616, 55.653242], [37.749511, 55.6532237], [37.7495396, 55.653149], [37.7493329, 55.6531238], [37.749307, 55.6531917], [37.7492108, 55.65318], [37.7492188, 55.6531591], [37.7490774, 55.6531419], [37.7490141, 55.6533067], [37.7490695, 55.6533134], [37.7490335, 55.6534072], [37.7489766, 55.6534003], [37.7489089, 55.6535759], [37.7490446, 55.6535925]]]}, "properties": {"id": "b27712052", "floors": 4, "name": "", "osm_building": "school", "addr": "Новомарьинская улица 7 к2"}}, {"type": "Feature", "geometry": {"type": "Polygon", "coordinates": [[[37.7515292, 55.6462209], [37.7513948, 55.6462022], [37.7513507, 55.6461511], [37.7515122, 55.6457031], [37.7513235, 55.6456786], [37.7511353, 55.6461903], [37.7512399, 55.6462054], [37.7512193, 55.6462673], [37.7513373, 55.6462818], [37.7513161, 55.6463363], [37.7514024, 55.6463447], [37.7514113, 55.6463291], [37.7514975, 55.6463374], [37.7515292, 55.6462209]]]}, "properties": {"id": "b27761496", "floors": 10, "name": "", "osm_building": "apartments", "addr": "Луговой проезд 10 к1"}}, {"type": "Feature", "geometry": {"type": "Polygon", "coordinates": [[[37.7513322, 55.645506], [37.7514991, 55.6451351], [37.7513776, 55.6451181], [37.7513853, 55.6450909], [37.7511424, 55.645062], [37.7511288, 55.6450882], [37.7510112, 55.6450814], [37.7508706, 55.6454523], [37.7513322, 55.645506]]]}, "properties": {"id": "b27761498", "floors": 1, "name": "", "osm_building": "retail", "addr": "Поречная улица 3 к3"}}, {"type": "Feature", "geometry": {"type": "Polygon", "coordinates": [[[37.7523517, 55.645213], [37.7524303, 55.6452471], [37.7525319, 55.6452545], [37.752644, 55.6452327], [37.7527379, 55.6452552], [37.7527793, 55.6452909], [37.7528326, 55.6453073], [37.7529425, 55.645318], [37.7528846, 55.6454266], [37.752913, 55.6455682], [37.7530767, 55.6455895], [37.7531777, 55.6453547], [37.7530333, 55.6453363], [37.7530887, 55.6451976], [37.7523219, 55.6450907], [37.7522732, 55.6451992], [37.7523517, 55.645213]]]}, "properties": {"id": "b27761500", "floors": 22, "name": "", "osm_building": "apartments", "addr": "Поречная улица 5/14"}}, {"type": "Feature", "geometry": {"type": "Polygon", "coordinates": [[[37.7479125, 55.6451347], [37.7478714, 55.6451296], [37.7478809, 55.645105], [37.747824, 55.645098], [37.7478583, 55.64501], [37.747899, 55.6450151], [37.7479381, 55.6449166], [37.7479088, 55.6449128], [37.7479466, 55.6448202], [37.7479976, 55.6448268], [37.7480471, 55.6447076], [37.7480171, 55.6447036], [37.7480495, 55.6446277], [37.7480822, 55.6446322], [37.7481801, 55.6444072], [37.7479627, 55.6443807], [37.7479348, 55.6444442], [37.7478816, 55.6444635], [37.7478731, 55.644485], [37.7478177, 55.644478], [37.7477863, 55.6445572], [37.7478414, 55.6445641], [37.7477929, 55.6446865], [37.7477237, 55.6446778], [37.7476896, 55.6447642], [37.7477623, 55.6447734], [37.7477496, 55.6448056], [37.7478186, 55.6448143], [37.7477923, 55.6448814], [37.7477272, 55.6448732], [37.7477191, 55.6448939], [37.7476561, 55.6448861], [37.7476266, 55.6449623], [37.7476862, 55.6449696], [37.7476729, 55.6450041], [37.7477299, 55.6450111], [37.7477026, 55.6450823], [37.7476456, 55.6450753], [37.74764, 55.6450901], [37.747579, 55.6450827], [37.7475462, 55.6451693], [37.7475992, 55.6451757], [37.7475882, 55.6452048], [37.747656, 55.645213], [37.7476435, 55.645246], [37.7477562, 55.6452596], [37.7477692, 55.6452252], [37.7478315, 55.6452327], [37.747839, 55.6452127], [37.7478807, 55.6452178], [37.7479125, 55.6451347]]]}, "properties": {"id": "b27761503", "floors": 21, "name": "", "osm_building": "apartments", "addr": "Люблинская улица 179/1"}}, {"type": "Feature", "geometry": {"type": "Polygon", "coordinates": [[[37.7473329, 55.6483405], [37.7473165, 55.6483861], [37.7473913, 55.648394], [37.7474103, 55.6484169], [37.7474494, 55.6484291], [37.7475015, 55.6484237], [37.7475255, 55.6484099], [37.7476107, 55.64842], [37.7476238, 55.6483834], [37.7476899, 55.648391], [37.7477071, 55.6483397], [37.7477376, 55.6483318], [37.7477616, 55.6483106], [37.7477581, 55.648286], [37.7477305, 55.6482679], [37.7477502, 55.6482235], [37.7476859, 55.6482161], [37.7477013, 55.6481734], [37.7476239, 55.6481643], [37.7476094, 55.6481428], [37.7475699, 55.6481279], [37.7475167, 55.6481315], [37.7474872, 55.6481483], [37.7474122, 55.6481403], [37.7473934, 55.6481924], [37.7472907, 55.6481806], [37.7472653, 55.6482512], [37.7472371, 55.6483297], [37.7473329, 55.6483405]]]}, "properties": {"id": "b27761504", "floors": 3, "name": "Храм Иконы Божией Матери Утоли Моя Печали", "osm_building": "temple", "addr": "Марьинский бульвар 2 с1"}}, {"type": "Feature", "geometry": {"type": "Polygon", "coordinates": [[[37.7471042, 55.6474399], [37.7470191, 55.6474296], [37.7473118, 55.6466586], [37.7474417, 55.6466743], [37.7474832, 55.6465648], [37.7473585, 55.6465498], [37.7473446, 55.6465862], [37.7472186, 55.646571], [37.7472027, 55.6466127], [37.7471094, 55.6466014], [37.7469923, 55.6466206], [37.7469639, 55.6466758], [37.7469038, 55.6466703], [37.7465542, 55.6475956], [37.7466215, 55.6475964], [37.7467384, 55.6476653], [37.7467155, 55.6476943], [37.7469928, 55.6477282], [37.7479643, 55.6478562], [37.7479832, 55.6478168], [37.7480353, 55.647824], [37.7481126, 55.6476355], [37.7479236, 55.6476166], [37.747971, 55.6474915], [37.7476705, 55.6474551], [37.7476512, 55.647506], [37.7471042, 55.6474399]]]}, "properties": {"id": "b27761505", "floors": 14, "name": "", "osm_building": "apartments", "addr": "Люблинская улица 171"}}, {"type": "Feature", "geometry": {"type": "Polygon", "coordinates": [[[37.746163, 55.6504166], [37.7461306, 55.6503895], [37.7460728, 55.6503628], [37.7460092, 55.650349], [37.7459477, 55.6503461], [37.7458907, 55.650352], [37.7458381, 55.6503659], [37.7457936, 55.6503869], [37.7457598, 55.6504135], [37.7457392, 55.6504441], [37.7457329, 55.6504766], [37.7457415, 55.650509], [37.7457643, 55.6505391], [37.7457999, 55.650565], [37.745846, 55.6505849], [37.7458994, 55.6505976], [37.7459569, 55.6506022], [37.7460145, 55.6505985], [37.7460686, 55.6505866], [37.7461156, 55.6505674], [37.7461524, 55.6505421], [37.7461767, 55.6505124], [37.7461869, 55.6504802], [37.7461822, 55.6504475], [37.746163, 55.6504166]]]}, "properties": {"id": "b27780679", "floors": 24, "name": "", "osm_building": "apartments", "addr": "Люблинская улица 165"}}, {"type": "Feature", "geometry": {"type": "Polygon", "coordinates": [[[37.7462594, 55.6495886], [37.746224, 55.6495526], [37.7461734, 55.6495261], [37.7461222, 55.6495114], [37.7460602, 55.6495043], [37.745979, 55.6495098], [37.7459269, 55.6495232], [37.7458825, 55.6495436], [37.7458486, 55.6495696], [37.7458273, 55.6495995], [37.7458199, 55.6496315], [37.745827, 55.6496635], [37.7458481, 55.6496935], [37.7458818, 55.6497196], [37.7459261, 55.64974], [37.745978, 55.6497536], [37.7460597, 55.6497593], [37.7460933, 55.6497568], [37.7461779, 55.6497357], [37.7462297, 55.6497067], [37.7462624, 55.6496699], [37.7462726, 55.6496291], [37.7462594, 55.6495886]]]}, "properties": {"id": "b27780680", "floors": 24, "name": "", "osm_building": "apartments", "addr": "Люблинская улица 165 к2"}}, {"type": "Feature", "geometry": {"type": "Polygon", "coordinates": [[[37.7467735, 55.64879], [37.7467228, 55.6487636], [37.7466604, 55.648747], [37.7465919, 55.6487418], [37.7465239, 55.6487484], [37.7464626, 55.6487664], [37.7464138, 55.6487939], [37.7463819, 55.6488284], [37.7463699, 55.6488668], [37.7463789, 55.6489054], [37.7464082, 55.6489407], [37.7464549, 55.6489694], [37.7465148, 55.6489887], [37.7465829, 55.6489971], [37.746624, 55.6489963], [37.7466988, 55.6489835], [37.7467365, 55.6489698], [37.7467806, 55.6489438], [37.74681, 55.6489118], [37.7468224, 55.6488764], [37.7468168, 55.6488405], [37.7467735, 55.64879]]]}, "properties": {"id": "b27780681", "floors": 24, "name": "", "osm_building": "apartments", "addr": "Люблинская улица 169"}}, {"type": "Feature", "geometry": {"type": "Polygon", "coordinates": [[[37.7466988, 55.6489835], [37.746624, 55.6489963], [37.7465829, 55.6489971], [37.7465148, 55.6489887], [37.7464153, 55.649075], [37.7463695, 55.6491139], [37.7462822, 55.6492053], [37.7460615, 55.6492666], [37.7459535, 55.6493655], [37.745979, 55.6495098], [37.7460602, 55.6495043], [37.7461222, 55.6495114], [37.7461734, 55.6495261], [37.7462431, 55.6494565], [37.7463067, 55.6493555], [37.7466174, 55.6492315], [37.7466771, 55.6491039], [37.7467365, 55.6489698], [37.7466988, 55.6489835]]]}, "properties": {"id": "b27780682", "floors": 2, "name": "", "osm_building": "yes", "addr": "Люблинская улица 165 к3"}}, {"type": "Feature", "geometry": {"type": "Polygon", "coordinates": [[[37.7462111, 55.6502842], [37.7462446, 55.6501711], [37.7460741, 55.6500336], [37.7461779, 55.6497357], [37.7460933, 55.6497568], [37.7460597, 55.6497593], [37.745978, 55.6497536], [37.7458947, 55.6498707], [37.7458052, 55.6498655], [37.7457532, 55.6499727], [37.7458032, 55.6500708], [37.7458912, 55.650138], [37.7459035, 55.6502511], [37.7459477, 55.6503461], [37.7460092, 55.650349], [37.7460728, 55.6503628], [37.7461306, 55.6503895], [37.7462111, 55.6502842]]]}, "properties": {"id": "b27780684", "floors": 2, "name": "", "osm_building": "yes", "addr": "Люблинская улица 165 к1"}}, {"type": "Feature", "geometry": {"type": "Polygon", "coordinates": [[[37.7477686, 55.6499869], [37.7476999, 55.6499261], [37.7478343, 55.6498778], [37.7478554, 55.6498965], [37.747943, 55.649865], [37.7477903, 55.6497297], [37.7477342, 55.6497499], [37.7476294, 55.6496571], [37.7476754, 55.6496405], [37.7475205, 55.6495033], [37.7474383, 55.6495329], [37.7474625, 55.6495543], [37.7473251, 55.6496037], [37.747245, 55.6495327], [37.7471556, 55.6495648], [37.747088, 55.6495891], [37.7471687, 55.6496606], [37.7470649, 55.6496979], [37.7470428, 55.6496784], [37.7469427, 55.6497143], [37.7470957, 55.6498498], [37.7471487, 55.6498308], [37.7472413, 55.6499128], [37.7471934, 55.6499301], [37.7473582, 55.6500761], [37.7474488, 55.6500435], [37.7474285, 55.6500256], [37.7475451, 55.6499837], [37.7476122, 55.6500431], [37.7477686, 55.6499869]]]}, "properties": {"id": "b27780687", "floors": 4, "name": "", "osm_building": "school", "addr": "Люблинская улица 167"}}, {"type": "Feature", "geometry": {"type": "Polygon", "coordinates": [[[37.7471254, 55.6506774], [37.7471062, 55.6507261], [37.7468578, 55.6506949], [37.7468041, 55.6508314], [37.7470525, 55.6508625], [37.7470338, 55.6509098], [37.7471777, 55.6509279], [37.7471964, 55.6508806], [37.7476498, 55.6509374], [37.7477036, 55.650801], [37.7472501, 55.6507441], [37.7472693, 55.6506955], [37.7473854, 55.65071], [37.7474479, 55.6505515], [37.7471423, 55.6505132], [37.7470798, 55.6506717], [37.7471254, 55.6506774]]]}, "properties": {"id": "b27780689", "floors": 3, "name": "", "osm_building": "hospital", "addr": "Новомарьинская улица 2"}}, {"type": "Feature", "geometry": {"type": "Polygon", "coordinates": [[[37.7485642, 55.6488402], [37.7478817, 55.6487603], [37.7478584, 55.6488239], [37.7478099, 55.6488182], [37.7477643, 55.6489424], [37.74782, 55.6489489], [37.7477952, 55.6490164], [37.7484705, 55.6490954], [37.7485642, 55.6488402]]]}, "properties": {"id": "b27780690", "floors": 1, "name": "", "osm_building": "retail", "addr": "Марьинский бульвар 1"}}, {"type": "Feature", "geometry": {"type": "Polygon", "coordinates": [[[37.7489816, 55.6496587], [37.7489575, 55.6496554], [37.7489956, 55.649567], [37.7490257, 55.6495711], [37.7490526, 55.6495086], [37.7490791, 55.6494471], [37.7490428, 55.6494421], [37.7490799, 55.6493559], [37.7491056, 55.6493594], [37.7491312, 55.6492999], [37.7491594, 55.6492345], [37.7491251, 55.6492298], [37.7491761, 55.6491113], [37.7492064, 55.6491155], [37.7492212, 55.6490811], [37.7492777, 55.6490888], [37.7492845, 55.649073], [37.7494412, 55.6490945], [37.7494348, 55.6491092], [37.7496503, 55.6491388], [37.7496598, 55.6491167], [37.749766, 55.6491313], [37.749768, 55.6491268], [37.7498061, 55.6490383], [37.7497523, 55.6490309], [37.7497554, 55.6490239], [37.7494887, 55.6489874], [37.7494824, 55.649002], [37.7493834, 55.6489884], [37.7493889, 55.6489758], [37.7492695, 55.6489595], [37.7492458, 55.6490145], [37.7491196, 55.6489971], [37.7490901, 55.6490656], [37.7490048, 55.6490539], [37.7489759, 55.6491211], [37.7489954, 55.6491238], [37.7489687, 55.6491859], [37.7489525, 55.6491837], [37.7488895, 55.64933], [37.7489078, 55.6493325], [37.7488823, 55.6493916], [37.7488722, 55.6493902], [37.7488067, 55.6495422], [37.7488282, 55.6495452], [37.7488035, 55.6496027], [37.7487838, 55.6496], [37.7487563, 55.6496637], [37.7488532, 55.649677], [37.7488245, 55.6497438], [37.7489415, 55.6497599], [37.7489182, 55.6498141], [37.7489909, 55.6498241], [37.7489986, 55.6498064], [37.7491493, 55.649827], [37.749143, 55.6498418], [37.7492525, 55.6498568], [37.7493643, 55.6498722], [37.7493721, 55.6498539], [37.7494723, 55.6498676], [37.749512, 55.6497753], [37.7494585, 55.649768], [37.7494633, 55.6497568], [37.7492, 55.6497207], [37.7491942, 55.6497341], [37.7490836, 55.6497189], [37.749089, 55.6497065], [37.7489681, 55.6496899], [37.7489816, 55.6496587]]]}, "properties": {"id": "b27780691", "floors": 14, "name": "", "osm_building": "apartments", "addr": "Марьинский бульвар 3"}}, {"type": "Feature", "geometry": {"type": "Polygon", "coordinates": [[[37.750202, 55.6493355], [37.7501935, 55.6493601], [37.7504846, 55.6493962], [37.7504989, 55.6493642], [37.7506886, 55.6493875], [37.7507352, 55.6492734], [37.7504465, 55.6492402], [37.7504544, 55.6492166], [37.7503604, 55.6492077], [37.7503502, 55.6492278], [37.7500469, 55.6491989], [37.7500151, 55.6493122], [37.750202, 55.6493355]]]}, "properties": {"id": "b27780692", "floors": 3, "name": "", "osm_building": "kindergarten", "addr": "Марьинский бульвар 5"}}, {"type": "Feature", "geometry": {"type": "Polygon", "coordinates": [[[37.7514723, 55.6499397], [37.7514938, 55.649887], [37.7515266, 55.6498913], [37.751591, 55.6497336], [37.7515567, 55.6497291], [37.751581, 55.6496697], [37.7516102, 55.6496735], [37.7516171, 55.6496566], [37.7516716, 55.6495232], [37.7516425, 55.6495194], [37.751665, 55.6494644], [37.7516916, 55.6494679], [37.7517233, 55.6493902], [37.751616, 55.6493762], [37.7516434, 55.649309], [37.7515362, 55.6492951], [37.7515567, 55.6492448], [37.7514243, 55.6492276], [37.7514201, 55.6492379], [37.7513181, 55.6492247], [37.7513226, 55.6492137], [37.7510696, 55.6491808], [37.7510658, 55.6491903], [37.7510044, 55.6491823], [37.7509672, 55.6492736], [37.7510227, 55.6492808], [37.7510144, 55.649301], [37.7512222, 55.649328], [37.7512306, 55.6493073], [37.7514439, 55.649335], [37.7514351, 55.6493565], [37.7515026, 55.6493652], [37.7514866, 55.6494044], [37.7515205, 55.6494088], [37.7514822, 55.6495024], [37.7514477, 55.6494979], [37.7514003, 55.6496141], [37.7514417, 55.6496195], [37.7514045, 55.6497107], [37.7513665, 55.6497058], [37.7513183, 55.6498239], [37.7513632, 55.6498297], [37.7513153, 55.649947], [37.7512747, 55.6499417], [37.7512563, 55.6499867], [37.7507127, 55.649916], [37.7506744, 55.65001], [37.7507378, 55.6500183], [37.7507296, 55.6500384], [37.7509272, 55.6500641], [37.7509343, 55.650047], [37.7511522, 55.6500753], [37.7511447, 55.6500936], [37.7512056, 55.6501015], [37.7512282, 55.6500461], [37.7513504, 55.650062], [37.7513759, 55.6499995], [37.7514649, 55.6500111], [37.751493, 55.6499424], [37.7514723, 55.6499397]]]}, "properties": {"id": "b27780693", "floors": 14, "name": "", "osm_building": "apartments", "addr": "Луговой проезд 6"}}, {"type": "Feature", "geometry": {"type": "Polygon", "coordinates": [[[37.7496468, 55.651222], [37.7497039, 55.6510912], [37.7486337, 55.6509425], [37.7487467, 55.6506835], [37.7486085, 55.6506643], [37.7484692, 55.6506449], [37.7483946, 55.6508158], [37.7483546, 55.6509075], [37.7484574, 55.6509218], [37.7484019, 55.6510491], [37.7496468, 55.651222]]]}, "properties": {"id": "b27780694", "floors": 13, "name": "", "osm_building": "apartments", "addr": "Новомарьинская улица 4"}}, {"type": "Feature", "geometry": {"type": "Polygon", "coordinates": [[[37.7488965, 55.6502237], [37.7486067, 55.6501851], [37.7485022, 55.6504356], [37.748792, 55.6504741], [37.7488965, 55.6502237]]]}, "properties": {"id": "b27780696", "floors": 3, "name": "Пятёрочка", "osm_building": "retail", "addr": "Новомарьинская улица 4 к1"}}, {"type": "Feature", "geometry": {"type": "Polygon", "coordinates": [[[37.7494733, 55.6503652], [37.7494564, 55.650363], [37.7494757, 55.6503159], [37.7494974, 55.6503188], [37.7495595, 55.6501675], [37.749531, 55.6501638], [37.7495426, 55.6501357], [37.7493876, 55.6501154], [37.7493757, 55.6501445], [37.7493374, 55.6501395], [37.7492892, 55.6502568], [37.7493331, 55.6502625], [37.7492956, 55.6503539], [37.7492572, 55.6503488], [37.7492094, 55.650465], [37.7492419, 55.6504693], [37.7492171, 55.6505297], [37.749396, 55.6505531], [37.7494733, 55.6503652]]]}, "properties": {"id": "b27780697", "floors": 10, "name": "", "osm_building": "apartments", "addr": "Луговой проезд 4 к3"}}, {"type": "Feature", "geometry": {"type": "Polygon", "coordinates": [[[37.7504456, 55.650256], [37.7502653, 55.6502334], [37.7502533, 55.6502641], [37.7502301, 55.6502612], [37.7501867, 55.6503716], [37.7502211, 55.6503759], [37.750186, 55.650465], [37.7501466, 55.65046], [37.7500973, 55.6505855], [37.7501295, 55.6505895], [37.7501057, 55.6506499], [37.7502819, 55.650672], [37.7504456, 55.650256]]]}, "properties": {"id": "b27780698", "floors": 10, "name": "", "osm_building": "apartments", "addr": "Луговой проезд 4 к2"}}, {"type": "Feature", "geometry": {"type": "Polygon", "coordinates": [[[37.7511993, 55.6507604], [37.7512248, 55.650764], [37.7512899, 55.6506125], [37.751256, 55.6506095], [37.7512786, 55.65055], [37.7513044, 55.650553], [37.7513695, 55.6504023], [37.7513509, 55.6503654], [37.7511993, 55.6503465], [37.7511799, 55.6503776], [37.7511447, 55.6503747], [37.7510967, 55.6504927], [37.7511369, 55.6504999], [37.751098, 55.6505892], [37.7510613, 55.6505875], [37.7510148, 55.6507019], [37.7510502, 55.65071], [37.7510254, 55.6507652], [37.7511918, 55.650784], [37.7511993, 55.6507604]]]}, "properties": {"id": "b27780700", "floors": 10, "name": "", "osm_building": "apartments", "addr": "Луговой проезд 4 к1"}}, {"type": "Feature", "geometry": {"type": "Polygon", "coordinates": [[[37.7505171, 55.651214], [37.7505425, 55.6511517], [37.7507966, 55.6511847], [37.7508927, 55.6509493], [37.7507548, 55.6509314], [37.7506446, 55.6509171], [37.7505731, 55.6510924], [37.750053, 55.6510249], [37.7500063, 55.6511448], [37.7505171, 55.651214]]]}, "properties": {"id": "b27780701", "floors": 21, "name": "", "osm_building": "apartments", "addr": "Луговой проезд 2"}}, {"type": "Feature", "geometry": {"type": "Polygon", "coordinates": [[[37.7538518, 55.6467859], [37.7537897, 55.6467783], [37.7538589, 55.646599], [37.7539284, 55.6464189], [37.7539707, 55.646309], [37.7539978, 55.6462387], [37.7540516, 55.6460993], [37.7540718, 55.646047], [37.7543128, 55.6460766], [37.7545449, 55.6461052], [37.7545747, 55.6460281], [37.7541671, 55.645978], [37.7541533, 55.6460138], [37.7540194, 55.6459974], [37.7539923, 55.6460677], [37.7539064, 55.6460571], [37.7538149, 55.6462942], [37.7536473, 55.6467288], [37.7537238, 55.6467382], [37.7536971, 55.6468072], [37.7538187, 55.6468222], [37.7538011, 55.6468678], [37.7538298, 55.6468713], [37.7540458, 55.6468978], [37.7544083, 55.6469424], [37.7547503, 55.6469844], [37.7549591, 55.64701], [37.7549755, 55.6469677], [37.755, 55.6469707], [37.755, 55.646927], [37.7538518, 55.6467859]]]}, "properties": {"id": "b27780702", "floors": 12, "name": "", "osm_building": "apartments", "addr": "Луговой проезд 9 к1"}}, {"type": "Feature", "geometry": {"type": "Polygon", "coordinates": [[[37.7537469, 55.6482282], [37.7533235, 55.6481739], [37.7532866, 55.6481692], [37.753338, 55.6480417], [37.7534131, 55.6478553], [37.7534594, 55.6477404], [37.7534828, 55.6476825], [37.7535509, 55.6475134], [37.7535588, 55.6474937], [37.7536886, 55.6475104], [37.7539412, 55.6475428], [37.754238, 55.6475809], [37.7545784, 55.6476246], [37.7547877, 55.6476514], [37.7547279, 55.6478], [37.7546915, 55.6478901], [37.7548187, 55.6479065], [37.7549126, 55.6476734], [37.7548453, 55.6476648], [37.7548721, 55.6475981], [37.7547356, 55.6475806], [37.7547526, 55.6475382], [37.7536033, 55.6473907], [37.7535893, 55.6474254], [37.753484, 55.6474118], [37.7534556, 55.6474824], [37.7533927, 55.6474744], [37.7532925, 55.6477231], [37.7531237, 55.648142], [37.7532087, 55.6481529], [37.7531853, 55.6482109], [37.7532992, 55.6482255], [37.7532818, 55.6482689], [37.7535, 55.6482969], [37.7537085, 55.6483236], [37.7537469, 55.6482282]]]}, "properties": {"id": "b27780703", "floors": 12, "name": "", "osm_building": "apartments", "addr": "Луговой проезд 7"}}, {"type": "Feature", "geometry": {"type": "Polygon", "coordinates": [[[37.7549945, 55.6461471], [37.7549691, 55.6462134], [37.7549129, 55.6462066], [37.7548668, 55.646327], [37.7549132, 55.6463326], [37.7548853, 55.6464055], [37.755, 55.6464195], [37.755, 55.6461478], [37.7549945, 55.6461471]]]}, "properties": {"id": "b27780705", "floors": 1, "name": "", "osm_building": "retail", "addr": "Луговой проезд 11"}}, {"type": "Feature", "geometry": {"type": "Polygon", "coordinates": [[[37.7548521, 55.6452468], [37.7544654, 55.645197], [37.7544149, 55.6451386], [37.7542637, 55.6451236], [37.75422, 55.6451617], [37.7540945, 55.6455303], [37.7541148, 55.6455452], [37.754113, 55.64557], [37.7540658, 55.6456079], [37.754062, 55.6456673], [37.7541602, 55.6457062], [37.7542743, 55.6456927], [37.7543114, 55.6456523], [37.7544043, 55.6456478], [37.7548177, 55.6456996], [37.7549272, 55.6456418], [37.755, 55.6454694], [37.755, 55.6452606], [37.7548521, 55.6452468]]]}, "properties": {"id": "b27780706", "floors": 6, "name": "", "osm_building": "garages", "addr": "Луговой проезд 13"}}, {"type": "Feature", "geometry": {"type": "Polygon", "coordinates": [[[37.753235, 55.6487521], [37.7529591, 55.6487169], [37.7528115, 55.6490853], [37.7530874, 55.6491205], [37.753235, 55.6487521]]]}, "properties": {"id": "b27780719", "floors": 4, "name": "", "osm_building": "commercial", "addr": "Луговой проезд 5"}}, {"type": "Feature", "geometry": {"type": "Polygon", "coordinates": [[[37.7526428, 55.6497975], [37.752728, 55.6495517], [37.7531583, 55.6496066], [37.7531977, 55.6495001], [37.7527822, 55.6494511], [37.7527652, 55.6494925], [37.7526559, 55.6494827], [37.7526319, 55.6495552], [37.7525566, 55.6495465], [37.7524778, 55.6497767], [37.7523255, 55.650202], [37.7524128, 55.6502137], [37.7523859, 55.6502777], [37.7524884, 55.6502915], [37.7524715, 55.6503315], [37.7532173, 55.6504312], [37.7536097, 55.6504846], [37.7536277, 55.6504419], [37.7537684, 55.6504609], [37.7537948, 55.6503983], [37.7538498, 55.6504057], [37.7539497, 55.6501688], [37.7537731, 55.6501451], [37.7536675, 55.6503956], [37.7532501, 55.6503396], [37.7524896, 55.6502377], [37.7526428, 55.6497975]]]}, "properties": {"id": "b27780720", "floors": 12, "name": "", "osm_building": "apartments", "addr": "Луговой проезд 3"}}, {"type": "Feature", "geometry": {"type": "Polygon", "coordinates": [[[37.7526357, 55.6509876], [37.7526899, 55.6508821], [37.752248, 55.6508252], [37.7522292, 55.6508718], [37.7521108, 55.6508599], [37.7520903, 55.6509055], [37.7520236, 55.6509164], [37.7519327, 55.6511676], [37.751811, 55.6515039], [37.7517152, 55.6515821], [37.7517842, 55.6516061], [37.7517141, 55.6516607], [37.7517937, 55.6516947], [37.7517567, 55.6517353], [37.752643, 55.6520719], [37.7527609, 55.6519794], [37.7518675, 55.6516265], [37.7519672, 55.6515306], [37.7521019, 55.6511899], [37.7522032, 55.6509338], [37.7526357, 55.6509876]]]}, "properties": {"id": "b27780721", "floors": 12, "name": "", "osm_building": "apartments", "addr": "Луговой проезд 1/8"}}, {"type": "Feature", "geometry": {"type": "Polygon", "coordinates": [[[37.753319, 55.6510583], [37.7532221, 55.6513159], [37.753286, 55.65133], [37.7533103, 55.651386], [37.7532551, 55.6514094], [37.7535984, 55.6517236], [37.7537533, 55.6516627], [37.7534097, 55.6513427], [37.7534795, 55.651166], [37.7534591, 55.6511617], [37.7534869, 55.6510917], [37.7534283, 55.6510831], [37.7534575, 55.6510185], [37.7533295, 55.6509955], [37.7533488, 55.6509581], [37.753255, 55.6509452], [37.753216, 55.6510403], [37.753319, 55.6510583]]]}, "properties": {"id": "b27780723", "floors": 4, "name": "", "osm_building": "apartments", "addr": "Новомарьинская улица 10 к2"}}, {"type": "Feature", "geometry": {"type": "Polygon", "coordinates": [[[37.7548507, 55.6509289], [37.754788, 55.6509791], [37.7546893, 55.6509398], [37.7547071, 55.6509256], [37.7546132, 55.6508882], [37.7544461, 55.6510217], [37.7545031, 55.6510444], [37.7543908, 55.651134], [37.754335, 55.6511117], [37.7541748, 55.6512396], [37.7542608, 55.6512738], [37.7542896, 55.6512508], [37.7544171, 55.6513017], [37.7543255, 55.6513748], [37.7544581, 55.6514278], [37.754553, 55.6513521], [37.7546793, 55.6514025], [37.7546513, 55.6514248], [37.7547191, 55.6514519], [37.7548791, 55.6513244], [37.7548573, 55.6513157], [37.7549694, 55.6512264], [37.755, 55.6512386], [37.755, 55.6510729], [37.7549325, 55.6510455], [37.755, 55.6509916], [37.755, 55.6509883], [37.7548507, 55.6509289]]]}, "properties": {"id": "b27780726", "floors": 4, "name": "Школа 1566", "osm_building": "school", "addr": "Мячковский бульвар 14 к3"}}, {"type": "Feature", "geometry": {"type": "Polygon", "coordinates": [[[37.753318, 55.6521417], [37.7533366, 55.6521267], [37.7531543, 55.6520547], [37.7531698, 55.6520421], [37.7530767, 55.6520053], [37.7529168, 55.6521339], [37.7529997, 55.6521669], [37.7530249, 55.6521468], [37.7532318, 55.652229], [37.7532199, 55.6522385], [37.7532882, 55.6522656], [37.7533566, 55.6522107], [37.7534874, 55.6522626], [37.7534758, 55.6522719], [37.7535386, 55.6522967], [37.7536026, 55.6522453], [37.7536245, 55.6522539], [37.7538039, 55.6521093], [37.7535859, 55.6520233], [37.7535314, 55.6520673], [37.7535617, 55.6520792], [37.7534296, 55.6521857], [37.753318, 55.6521417]]]}, "properties": {"id": "b27780728", "floors": 22, "name": "", "osm_building": "apartments", "addr": "Новомарьинская улица 10 к1"}}, {"type": "Feature", "geometry": {"type": "Polygon", "coordinates": [[[37.7548826, 55.6527677], [37.7538817, 55.6523754], [37.7538125, 55.6523786], [37.7537433, 55.6524398], [37.7537433, 55.6524807], [37.7547519, 55.6528689], [37.755, 55.6529644], [37.755, 55.6528137], [37.7548826, 55.6527677]]]}, "properties": {"id": "b27780729", "floors": 14, "name": "", "osm_building": "apartments", "addr": "Новомарьинская улица 12/12 к1"}}, {"type": "Feature", "geometry": {"type": "Polygon", "coordinates": [[[37.7449699, 55.6486997], [37.7447544, 55.6487726], [37.7445488, 55.6493156], [37.744649, 55.6494037], [37.7450672, 55.6494593], [37.7452236, 55.6494011], [37.7454518, 55.6488078], [37.7454082, 55.6487524], [37.7449699, 55.6486997]]]}, "properties": {"id": "b27780732", "floors": 4, "name": "МариЭль", "osm_building": "retail", "addr": "Люблинская улица 169 к2"}}, {"type": "Feature", "geometry": {"type": "Polygon", "coordinates": [[[37.7446298, 55.6497041], [37.7445416, 55.6499451], [37.744768, 55.6499715], [37.7448561, 55.6497305], [37.7446298, 55.6497041]]]}, "properties": {"id": "b27780733", "floors": 3, "name": "Вкусно — и точка", "osm_building": "yes", "addr": "Люблинская улица 165 к1А"}}, {"type": "Feature", "geometry": {"type": "Polygon", "coordinates": [[[37.7539478, 55.6500263], [37.7541266, 55.6495886], [37.75363, 55.6495255], [37.7534446, 55.6499594], [37.7539478, 55.6500263]]]}, "properties": {"id": "b27781547", "floors": 3, "name": "", "osm_building": "commercial", "addr": "Марьинский бульвар 7"}}, {"type": "Feature", "geometry": {"type": "Polygon", "coordinates": [[[37.7498603, 55.6508478], [37.7499124, 55.6507318], [37.7495888, 55.6506855], [37.7495367, 55.6508015], [37.7498603, 55.6508478]]]}, "properties": {"id": "b27811741", "floors": 3, "name": "", "osm_building": "service", "addr": "Луговой проезд 4 к2 с2"}}, {"type": "Feature", "geometry": {"type": "Polygon", "coordinates": [[[37.7539076, 55.654106], [37.7541793, 55.6542083], [37.7547707, 55.6537082], [37.7545279, 55.6536169], [37.7545891, 55.6535652], [37.7541203, 55.6533887], [37.7535429, 55.653877], [37.7539827, 55.6540425], [37.7539076, 55.654106]]]}, "properties": {"id": "b27811745", "floors": 3, "name": "", "osm_building": "yes", "addr": "Мячковский бульвар 10 к3"}}, {"type": "Feature", "geometry": {"type": "Polygon", "coordinates": [[[37.7482713, 55.6541661], [37.7485868, 55.6537349], [37.7483763, 55.6536858], [37.7480608, 55.6541171], [37.7469601, 55.6543644], [37.7466856, 55.654003], [37.7464571, 55.6540586], [37.746741, 55.6544306], [37.747052, 55.6544861], [37.7481432, 55.6542281], [37.7481023, 55.6541731], [37.7481401, 55.6541645], [37.7481571, 55.6541395], [37.7482713, 55.6541661]]]}, "properties": {"id": "b27811748", "floors": 12, "name": "", "osm_building": "apartments", "addr": "Новомарьинская улица 3 к3"}}, {"type": "Feature", "geometry": {"type": "Polygon", "coordinates": [[[37.7461155, 55.6551811], [37.7462559, 55.6549063], [37.7460452, 55.6548721], [37.7459123, 55.6551324], [37.7460067, 55.6551477], [37.7459343, 55.6552895], [37.7463784, 55.6553616], [37.7464434, 55.6552344], [37.7461155, 55.6551811]]]}, "properties": {"id": "b27811750", "floors": 18, "name": "", "osm_building": "apartments", "addr": "Люблинская улица 157 к2"}}, {"type": "Feature", "geometry": {"type": "Polygon", "coordinates": [[[37.7453082, 55.6543622], [37.7452708, 55.6544728], [37.7456863, 55.6545163], [37.7457181, 55.6544105], [37.7455749, 55.6543904], [37.7455871, 55.654356], [37.7456245, 55.6543574], [37.745645, 55.6542994], [37.7456841, 55.6543036], [37.7457052, 55.6542442], [37.7456677, 55.6542383], [37.7456906, 55.6541833], [37.7456565, 55.6541793], [37.7456727, 55.6541394], [37.7458197, 55.6541572], [37.7458653, 55.6540422], [37.7454489, 55.6539946], [37.7454006, 55.6541018], [37.745542, 55.654122], [37.7455243, 55.654166], [37.7454966, 55.6541627], [37.7454773, 55.6542188], [37.7454445, 55.6542127], [37.7454207, 55.6542675], [37.7454607, 55.6542736], [37.7454338, 55.6543289], [37.745457, 55.6543359], [37.7454435, 55.6543808], [37.7453082, 55.6543622]]]}, "properties": {"id": "b27811751", "floors": 3, "name": "", "osm_building": "kindergarten", "addr": "Люблинская улица 159 к2"}}, {"type": "Feature", "geometry": {"type": "Polygon", "coordinates": [[[37.7504303, 55.6547685], [37.7502815, 55.6548866], [37.7501825, 55.6548469], [37.7500721, 55.6549346], [37.750171, 55.6549743], [37.7500258, 55.6550895], [37.7506616, 55.6553445], [37.7508068, 55.6552292], [37.7508903, 55.6552627], [37.7510007, 55.6551751], [37.7509172, 55.6551416], [37.7510661, 55.6550234], [37.7504303, 55.6547685]]]}, "properties": {"id": "b27811752", "floors": 4, "name": "", "osm_building": "yes", "addr": "Мячковский бульвар 10 к2"}}, {"type": "Feature", "geometry": {"type": "Polygon", "coordinates": [[[37.7487581, 55.6559794], [37.7486116, 55.6555346], [37.7483766, 55.6555593], [37.7485218, 55.656], [37.748562, 55.656], [37.7486454, 55.6559912], [37.7486484, 55.656], [37.7488099, 55.656], [37.7487581, 55.6559794]]]}, "properties": {"id": "b27811753", "floors": 10, "name": "", "osm_building": "apartments", "addr": "Мячковский бульвар 8 к3"}}, {"type": "Feature", "geometry": {"type": "Polygon", "coordinates": [[[37.7509306, 55.6558616], [37.7510403, 55.6557657], [37.7508151, 55.6556837], [37.7504533, 55.656], [37.7507723, 55.656], [37.7509306, 55.6558616]]]}, "properties": {"id": "b27811754", "floors": 4, "name": "", "osm_building": "apartments", "addr": "Мячковский бульвар 8 к1"}}, {"type": "Feature", "geometry": {"type": "Polygon", "coordinates": [[[37.7502519, 55.6557708], [37.7502543, 55.6556395], [37.7501185, 55.655562], [37.7496759, 55.6553961], [37.7493309, 55.6554227], [37.749144, 55.6555757], [37.7493591, 55.6556594], [37.7494512, 55.6555842], [37.7495432, 55.655509], [37.7496284, 55.6555431], [37.7499459, 55.65567], [37.7500263, 55.6557021], [37.7499516, 55.6557573], [37.7497723, 55.6558898], [37.7496996, 55.6559436], [37.7498279, 55.656], [37.7499523, 55.656], [37.7502519, 55.6557708]]]}, "properties": {"id": "b27811755", "floors": 5, "name": "", "osm_building": "apartments", "addr": "Мячковский бульвар 8 к2"}}, {"type": "Feature", "geometry": {"type": "Polygon", "coordinates": [[[37.7525663, 55.6558858], [37.752574, 55.6558889], [37.7527206, 55.6557666], [37.7527353, 55.6557425], [37.7527375, 55.6557268], [37.7527326, 55.6557109], [37.7527209, 55.6557], [37.7524341, 55.6555914], [37.7520838, 55.6558719], [37.7524053, 55.656], [37.7524216, 55.656], [37.7525663, 55.6558858]]]}, "properties": {"id": "b27811756", "floors": 2, "name": "", "osm_building": "yes", "addr": "Мячковский бульвар 10"}}, {"type": "Feature", "geometry": {"type": "Polygon", "coordinates": [[[37.7520069, 55.6553773], [37.7517188, 55.6552604], [37.7516969, 55.6552776], [37.7515833, 55.6552315], [37.7515171, 55.6552834], [37.751474, 55.6552659], [37.7512362, 55.6554522], [37.7511854, 55.6554316], [37.7509961, 55.65558], [37.7511743, 55.6556524], [37.7512724, 55.6555756], [37.7513704, 55.6554987], [37.7514263, 55.6555214], [37.7515288, 55.6554411], [37.7516312, 55.6553608], [37.7517619, 55.6554139], [37.7518926, 55.6554669], [37.7520069, 55.6553773]]]}, "properties": {"id": "b27811757", "floors": 6, "name": "", "osm_building": "apartments", "addr": "Мячковский бульвар 10 к1"}}, {"type": "Feature", "geometry": {"type": "Polygon", "coordinates": [[[37.7516824, 55.6558018], [37.7514502, 55.6558218], [37.7514983, 55.656], [37.7517359, 55.656], [37.7516824, 55.6558018]]]}, "properties": {"id": "b27811758", "floors": 10, "name": "", "osm_building": "apartments", "addr": "Мячковский бульвар 8"}}, {"type": "Feature", "geometry": {"type": "Polygon", "coordinates": [[[37.7474585, 55.6549476], [37.7472795, 55.6547131], [37.7466546, 55.6548617], [37.7468389, 55.6550977], [37.7474585, 55.6549476]]]}, "properties": {"id": "b27811759", "floors": 1, "name": "", "osm_building": "hospital", "addr": "Новомарьинская улица 3 к4"}}, {"type": "Feature", "geometry": {"type": "Polygon", "coordinates": [[[37.7465743, 55.6559367], [37.7465515, 55.656], [37.7469827, 55.656], [37.7469867, 55.6559892], [37.7468276, 55.6559699], [37.7468532, 55.6559051], [37.7468892, 55.6559096], [37.7469097, 55.6558571], [37.7469531, 55.6558625], [37.7469738, 55.6558093], [37.7469373, 55.6558048], [37.74696, 55.6557461], [37.7469353, 55.655743], [37.7469468, 55.6557121], [37.7471013, 55.655729], [37.7471356, 55.6556143], [37.746704, 55.6555641], [37.7466665, 55.655677], [37.7468075, 55.655694], [37.7467968, 55.6557333], [37.7467768, 55.6557306], [37.7467553, 55.6557867], [37.7467179, 55.6557822], [37.7467006, 55.6558275], [37.7467312, 55.6558375], [37.7467106, 55.6558896], [37.7467428, 55.6558937], [37.7467188, 55.6559544], [37.7465743, 55.6559367]]]}, "properties": {"id": "b27811760", "floors": 3, "name": "", "osm_building": "kindergarten", "addr": "улица Перерва 52 к2"}}, {"type": "Feature", "geometry": {"type": "Polygon", "coordinates": [[[37.7543485, 55.6559212], [37.7548925, 55.6554513], [37.7544175, 55.6552725], [37.7538789, 55.6557365], [37.7543485, 55.6559212]]]}, "properties": {"id": "b27811769", "floors": 3, "name": "", "osm_building": "yes", "addr": "Мячковский бульвар 7 к3"}}, {"type": "Feature", "geometry": {"type": "Polygon", "coordinates": [[[37.7446804, 55.6541828], [37.7445918, 55.6544096], [37.7447058, 55.6544237], [37.7446203, 55.6546426], [37.7447386, 55.6546573], [37.7446521, 55.6548788], [37.7449007, 55.6549097], [37.7449907, 55.6546792], [37.744869, 55.6546641], [37.7449537, 55.6544473], [37.7448302, 55.654432], [37.744917, 55.6542097], [37.7448398, 55.6542001], [37.7449151, 55.6540072], [37.7449598, 55.6540128], [37.7450459, 55.6537924], [37.7448428, 55.6537671], [37.7446804, 55.6541828]]]}, "properties": {"id": "b27811770", "floors": 3, "name": "", "osm_building": "apartments", "addr": "Люблинская улица 159 к1"}}, {"type": "Feature", "geometry": {"type": "Polygon", "coordinates": [[[37.7454732, 55.656], [37.7456971, 55.656], [37.7456526, 55.655983], [37.745721, 55.6559259], [37.7453769, 55.6557945], [37.7452381, 55.6559102], [37.7454732, 55.656]]]}, "properties": {"id": "b27811774", "floors": 3, "name": "", "osm_building": "apartments", "addr": "улица Перерва 52 к1"}}, {"type": "Feature", "geometry": {"type": "Polygon", "coordinates": [[[37.7410885, 55.6484852], [37.7414629, 55.6485362], [37.7416732, 55.6485648], [37.7418052, 55.6486838], [37.7420207, 55.6488781], [37.7421166, 55.6489646], [37.7420732, 55.6490842], [37.7420262, 55.6492137], [37.7419812, 55.6493378], [37.7419428, 55.6494436], [37.7412342, 55.6497064], [37.7404133, 55.649594], [37.7403651, 55.6497109], [37.7405458, 55.6497324], [37.7410325, 55.6497903], [37.7412082, 55.6498112], [37.7412201, 55.6497745], [37.7413265, 55.6497589], [37.741366, 55.6497889], [37.7415258, 55.6497325], [37.7418693, 55.6496114], [37.7420599, 55.6495442], [37.7420146, 55.6494997], [37.7420402, 55.6494619], [37.7421427, 55.6494686], [37.7422309, 55.649237], [37.7423241, 55.6489925], [37.7422334, 55.6489824], [37.7422117, 55.6489335], [37.7423103, 55.6489046], [37.741849, 55.6484963], [37.7417701, 55.6485319], [37.7416991, 55.6485086], [37.7417208, 55.6484518], [37.7409027, 55.6483361], [37.740851, 55.6484529], [37.7410885, 55.6484852]]]}, "properties": {"id": "b29449525", "floors": 17, "name": "", "osm_building": "apartments", "addr": "Новочеркасский бульвар 55"}}, {"type": "Feature", "geometry": {"type": "Polygon", "coordinates": [[[37.7398139, 55.6486122], [37.7398619, 55.6486181], [37.7398548, 55.6486363], [37.7399656, 55.6486501], [37.7400764, 55.6486638], [37.7400836, 55.6486454], [37.7402393, 55.6486647], [37.7402321, 55.6486832], [37.7403402, 55.6486966], [37.7404482, 55.64871], [37.7404553, 55.6486918], [37.7405607, 55.6487049], [37.7405988, 55.6486071], [37.7405515, 55.6486012], [37.7405558, 55.6485902], [37.7402825, 55.6485563], [37.7402786, 55.6485663], [37.740176, 55.6485536], [37.7401799, 55.6485436], [37.7399624, 55.6485165], [37.7399593, 55.6485247], [37.7398532, 55.6485115], [37.7398139, 55.6486122]]]}, "properties": {"id": "b29449527", "floors": 17, "name": "", "osm_building": "apartments", "addr": "Новочеркасский бульвар 53"}}, {"type": "Feature", "geometry": {"type": "Polygon", "coordinates": [[[37.7391004, 55.6484251], [37.7391554, 55.6484322], [37.7391477, 55.6484511], [37.7392556, 55.6484651], [37.7393635, 55.6484791], [37.7393719, 55.6484585], [37.7395265, 55.6484786], [37.7395181, 55.6484992], [37.7396254, 55.6485131], [37.7397327, 55.648527], [37.7397413, 55.648506], [37.7398472, 55.6485197], [37.7398901, 55.6484145], [37.7391445, 55.6483178], [37.7391004, 55.6484251]]]}, "properties": {"id": "b29449528", "floors": 17, "name": "", "osm_building": "apartments", "addr": "Новочеркасский бульвар 51"}}, {"type": "Feature", "geometry": {"type": "Polygon", "coordinates": [[[37.7412559, 55.6476311], [37.7411481, 55.6478815], [37.7423868, 55.6480512], [37.7424241, 55.6479645], [37.7424626, 55.6478751], [37.7424946, 55.6478008], [37.7412559, 55.6476311]]]}, "properties": {"id": "b29449529", "floors": 2, "name": "", "osm_building": "yes", "addr": "Новочеркасский бульвар 57 к1"}}, {"type": "Feature", "geometry": {"type": "Polygon", "coordinates": [[[37.7420869, 55.6475984], [37.7427834, 55.6476501], [37.7428242, 55.6474752], [37.7421277, 55.6474235], [37.7420869, 55.6475984]]]}, "properties": {"id": "b29449530", "floors": 3, "name": "", "osm_building": "yes", "addr": "Новочеркасский бульвар 57 к2"}}, {"type": "Feature", "geometry": {"type": "Polygon", "coordinates": [[[37.7388665, 55.6506428], [37.7389145, 55.649322], [37.7387015, 55.6493195], [37.738699, 55.6493895], [37.7386927, 55.6495624], [37.7386842, 55.6497944], [37.7386763, 55.6500136], [37.7386676, 55.6502523], [37.7386596, 55.6504714], [37.7386535, 55.6506403], [37.7388665, 55.6506428]]]}, "properties": {"id": "b29449531", "floors": 17, "name": "", "osm_building": "apartments", "addr": "Новочеркасский бульвар 47"}}, {"type": "Feature", "geometry": {"type": "Polygon", "coordinates": [[[37.7406284, 55.6508247], [37.7409578, 55.6507088], [37.7409106, 55.6506661], [37.7411288, 55.6505894], [37.741016, 55.6504873], [37.7408989, 55.6503813], [37.7406986, 55.6504517], [37.7408632, 55.6506007], [37.7405159, 55.6507229], [37.7406284, 55.6508247]]]}, "properties": {"id": "b29449532", "floors": 22, "name": "", "osm_building": "apartments", "addr": "Люблинская улица 112"}}, {"type": "Feature", "geometry": {"type": "Polygon", "coordinates": [[[37.7403817, 55.6514182], [37.7407112, 55.6513024], [37.740664, 55.6512597], [37.7408821, 55.651183], [37.7406522, 55.6509748], [37.7404519, 55.6510452], [37.7406165, 55.6511943], [37.7402692, 55.6513164], [37.7403817, 55.6514182]]]}, "properties": {"id": "b29449533", "floors": 22, "name": "", "osm_building": "apartments", "addr": "Люблинская улица 108"}}, {"type": "Feature", "geometry": {"type": "Polygon", "coordinates": [[[37.7401603, 55.6519942], [37.7403096, 55.6519417], [37.7404897, 55.6518784], [37.7404425, 55.6518357], [37.7406607, 55.651759], [37.7404308, 55.6515508], [37.7402305, 55.6516212], [37.7403951, 55.6517703], [37.7400478, 55.6518924], [37.7401603, 55.6519942]]]}, "properties": {"id": "b29449534", "floors": 22, "name": "", "osm_building": "apartments", "addr": "Люблинская улица 104"}}, {"type": "Feature", "geometry": {"type": "Polygon", "coordinates": [[[37.7378877, 55.6523563], [37.7378841, 55.6524217], [37.738003, 55.6524238], [37.738001, 55.6524598], [37.7380873, 55.6524613], [37.7380823, 55.6525521], [37.7387628, 55.652564], [37.7387692, 55.6524491], [37.7381738, 55.6524387], [37.7381763, 55.6523928], [37.7380584, 55.6523907], [37.7381515, 55.650701], [37.7383084, 55.6507037], [37.7383144, 55.6505935], [37.7382001, 55.6505915], [37.7381974, 55.6506398], [37.7380599, 55.6506373], [37.7380572, 55.6506875], [37.7379757, 55.650686], [37.7379723, 55.6507464], [37.7378878, 55.6507449], [37.7377991, 55.6523548], [37.7378877, 55.6523563]]]}, "properties": {"id": "b29449540", "floors": 14, "name": "", "osm_building": "apartments", "addr": "Новочеркасский бульвар 49"}}, {"type": "Feature", "geometry": {"type": "Polygon", "coordinates": [[[37.7389217, 55.6539012], [37.7394812, 55.6539678], [37.7395879, 55.6539805], [37.7395998, 55.6539438], [37.7397062, 55.6539282], [37.7397457, 55.6539582], [37.7399078, 55.6539011], [37.7403053, 55.6537609], [37.7404396, 55.6537135], [37.7403943, 55.653669], [37.7404199, 55.6536312], [37.7405224, 55.6536379], [37.7406022, 55.6534284], [37.7407038, 55.6531618], [37.7406131, 55.6531518], [37.7405914, 55.6531029], [37.74069, 55.653074], [37.7402287, 55.6526658], [37.7401498, 55.6527013], [37.7400788, 55.652678], [37.7401005, 55.6526213], [37.7392824, 55.6525056], [37.7392307, 55.6526223], [37.7393965, 55.6526449], [37.739812, 55.6527014], [37.7400529, 55.6527342], [37.7401305, 55.6528042], [37.7403946, 55.6530423], [37.7404963, 55.653134], [37.7404553, 55.653247], [37.7403975, 55.6534063], [37.7403529, 55.6535291], [37.7403225, 55.653613], [37.7396139, 55.6538757], [37.738793, 55.6537633], [37.7383483, 55.6533576], [37.7381652, 55.653418], [37.7382419, 55.6534893], [37.7385525, 55.6537779], [37.7386099, 55.6538312], [37.7387145, 55.653795], [37.7387859, 55.6538219], [37.7387448, 55.6538802], [37.7389217, 55.6539012]]]}, "properties": {"id": "b29449541", "floors": 17, "name": "", "osm_building": "apartments", "addr": "улица Перерва 50"}}, {"type": "Feature", "geometry": {"type": "Polygon", "coordinates": [[[37.7413432, 55.6514879], [37.7415181, 55.6510535], [37.7411139, 55.6510017], [37.7409388, 55.651436], [37.7413432, 55.6514879]]]}, "properties": {"id": "b29449543", "floors": 1, "name": "Пятёрочка", "osm_building": "retail", "addr": "Люблинская улица 108А"}}, {"type": "Feature", "geometry": {"type": "Polygon", "coordinates": [[[37.7397696, 55.6499255], [37.739798, 55.6498611], [37.7399231, 55.6498787], [37.7398901, 55.6499533], [37.7400074, 55.6499698], [37.7401368, 55.6496769], [37.7393505, 55.6495664], [37.7392256, 55.649849], [37.7397696, 55.6499255]]]}, "properties": {"id": "b29449544", "floors": 1, "name": "", "osm_building": "yes", "addr": "Новочеркасский бульвар 57"}}, {"type": "Feature", "geometry": {"type": "Polygon", "coordinates": [[[37.737994, 55.6485829], [37.7379535, 55.6492174], [37.7380189, 55.6492187], [37.7380142, 55.6492925], [37.7381457, 55.6492951], [37.7381433, 55.6493331], [37.7382697, 55.6493357], [37.7382761, 55.6492347], [37.7382091, 55.6492333], [37.7381527, 55.6492322], [37.7381614, 55.6490956], [37.7381727, 55.6489192], [37.7381862, 55.6487075], [37.7381939, 55.648587], [37.737994, 55.6485829]]]}, "properties": {"id": "b29449545", "floors": 14, "name": "", "osm_building": "apartments", "addr": "Новочеркасский бульвар 45"}}, {"type": "Feature", "geometry": {"type": "Polygon", "coordinates": [[[37.7353845, 55.6492235], [37.7370359, 55.6492667], [37.7370395, 55.6491445], [37.7353979, 55.6490931], [37.7353845, 55.6492235]]]}, "properties": {"id": "b29449546", "floors": 22, "name": "", "osm_building": "apartments", "addr": "Новочеркасский бульвар 29"}}, {"type": "Feature", "geometry": {"type": "Polygon", "coordinates": [[[37.7359827, 55.6484695], [37.7359858, 55.6484343], [37.7360332, 55.6484356], [37.7360282, 55.648491], [37.7367191, 55.6485106], [37.7367259, 55.6484351], [37.7368268, 55.6484379], [37.7368785, 55.6478563], [37.7367655, 55.6478531], [37.7359094, 55.6478289], [37.7358528, 55.6484658], [37.7359827, 55.6484695]]]}, "properties": {"id": "b29449547", "floors": 2, "name": "Лента", "osm_building": "retail", "addr": "Новочеркасский бульвар 41 к4"}}, {"type": "Feature", "geometry": {"type": "Polygon", "coordinates": [[[37.7374068, 55.6482704], [37.7374167, 55.6479383], [37.7369947, 55.6479343], [37.7369849, 55.6482664], [37.7374068, 55.6482704]]]}, "properties": {"id": "b29449548", "floors": 1, "name": "", "osm_building": "retail", "addr": "Новочеркасский бульвар 41 к7"}}, {"type": "Feature", "geometry": {"type": "Polygon", "coordinates": [[[37.7368871, 55.6548845], [37.737206, 55.6546203], [37.7350775, 55.6538025], [37.735, 55.6538667], [37.735, 55.6541594], [37.7368871, 55.6548845]]]}, "properties": {"id": "b29463088", "floors": 2, "name": "", "osm_building": "yes", "addr": "улица Перерва 21А с1"}}, {"type": "Feature", "geometry": {"type": "Polygon", "coordinates": [[[37.7465127, 55.6528429], [37.7461972, 55.652803], [37.7461793, 55.6528528], [37.7460975, 55.6528595], [37.746049, 55.6528116], [37.7457736, 55.6529138], [37.7458107, 55.6529558], [37.7457304, 55.6530025], [37.745652, 55.6529951], [37.7456064, 55.6530017], [37.7455843, 55.6530563], [37.7456286, 55.6530568], [37.7456096, 55.6531078], [37.7455601, 55.6531079], [37.7455417, 55.6531753], [37.7456015, 55.6531794], [37.7455824, 55.6532422], [37.7456587, 55.6532519], [37.7456443, 55.6533158], [37.7457349, 55.6533346], [37.7457306, 55.653375], [37.745841, 55.65339], [37.7458804, 55.653296], [37.7457476, 55.6532762], [37.7457894, 55.6531369], [37.7458495, 55.6530102], [37.7461683, 55.6529027], [37.7464781, 55.6529492], [37.7465127, 55.6528429]]]}, "properties": {"id": "b30603200", "floors": 4, "name": "", "osm_building": "apartments", "addr": "Люблинская улица 161 к2"}}, {"type": "Feature", "geometry": {"type": "Polygon", "coordinates": [[[37.7472912, 55.6538159], [37.7468359, 55.6534218], [37.7469905, 55.6529921], [37.7473444, 55.6530337], [37.7473993, 55.6529145], [37.7469902, 55.6528571], [37.7469844, 55.6529173], [37.7469143, 55.6529382], [37.7467916, 55.652921], [37.7466159, 55.6533869], [37.7467531, 55.6534087], [37.7467585, 55.6534436], [37.746612, 55.6534849], [37.7470983, 55.6538855], [37.7472912, 55.6538159]]]}, "properties": {"id": "b30603202", "floors": 10, "name": "", "osm_building": "apartments", "addr": "Новомарьинская улица 3 к2"}}, {"type": "Feature", "geometry": {"type": "Polygon", "coordinates": [[[37.746364, 55.6524857], [37.7460374, 55.6524461], [37.745995, 55.6525623], [37.7463284, 55.6525986], [37.7463492, 55.6525388], [37.7464002, 55.6525417], [37.7464479, 55.6525286], [37.7465071, 55.6525785], [37.7470464, 55.6523809], [37.7469941, 55.6523289], [37.7470258, 55.6523117], [37.7470424, 55.6522865], [37.7471479, 55.6522996], [37.7472149, 55.6521164], [37.7470201, 55.652092], [37.7469491, 55.6522715], [37.7469393, 55.652286], [37.7463978, 55.6524819], [37.746364, 55.6524857]]]}, "properties": {"id": "b30603205", "floors": 4, "name": "", "osm_building": "apartments", "addr": "Новомарьинская улица 3 к1"}}, {"type": "Feature", "geometry": {"type": "Polygon", "coordinates": [[[37.7548367, 55.6519437], [37.7549037, 55.6519824], [37.755, 55.6519434], [37.755, 55.6518027], [37.7547759, 55.6518911], [37.7541394, 55.6518298], [37.7541171, 55.6519372], [37.7547555, 55.6519959], [37.7547715, 55.6519511], [37.7548367, 55.6519437]]]}, "properties": {"id": "b30603215", "floors": 4, "name": "", "osm_building": "apartments", "addr": "Новомарьинская улица 12/12 к2"}}, {"type": "Feature", "geometry": {"type": "Polygon", "coordinates": [[[37.7487138, 55.6548974], [37.7486652, 55.6549062], [37.7486216, 55.6548486], [37.7474761, 55.6551244], [37.7473546, 55.6552981], [37.7476838, 55.6557008], [37.7478975, 55.6556471], [37.7475747, 55.6552421], [37.7487112, 55.6549669], [37.7494549, 55.6551458], [37.7495311, 55.655045], [37.7487873, 55.6548661], [37.7487559, 55.6549077], [37.7487138, 55.6548974]]]}, "properties": {"id": "b32776836", "floors": 12, "name": "", "osm_building": "apartments", "addr": "Мячковский бульвар 8 к4"}}, {"type": "Feature", "geometry": {"type": "Polygon", "coordinates": [[[37.7495938, 55.6451451], [37.7500465, 55.64556], [37.7501585, 55.6455209], [37.7502109, 55.6455427], [37.7501834, 55.6456026], [37.7506047, 55.6456641], [37.7506541, 55.6455564], [37.7502328, 55.6454949], [37.7497806, 55.6450804], [37.7498676, 55.6448538], [37.7496436, 55.6448264], [37.7495566, 55.645053], [37.7497021, 55.6450708], [37.7496997, 55.6451084], [37.7495938, 55.6451451]]]}, "properties": {"id": "b32776871", "floors": 12, "name": "", "osm_building": "apartments", "addr": "Поречная улица 3 к2"}}, {"type": "Feature", "geometry": {"type": "Polygon", "coordinates": [[[37.7373564, 55.6441716], [37.737922, 55.644182], [37.7379324, 55.644], [37.7373662, 55.644], [37.7373564, 55.6441716]]]}, "properties": {"id": "b34321752", "floors": 4, "name": "Школа 1040", "osm_building": "yes", "addr": "Батайский проезд 47"}}, {"type": "Feature", "geometry": {"type": "Polygon", "coordinates": [[[37.736188, 55.6441228], [37.7360403, 55.6441203], [37.7360301, 55.6443152], [37.7360212, 55.6444862], [37.7365889, 55.6444956], [37.7366079, 55.6441297], [37.7362612, 55.6441239], [37.7362671, 55.644], [37.7361939, 55.644], [37.736188, 55.6441228]]]}, "properties": {"id": "b34321753", "floors": 4, "name": "Школа 1147", "osm_building": "yes", "addr": "Батайский проезд 45"}}, {"type": "Feature", "geometry": {"type": "Polygon", "coordinates": [[[37.744027, 55.6440078], [37.7440424, 55.6440024], [37.7440615, 55.6440194], [37.7440762, 55.6440141], [37.7440847, 55.6440354], [37.7440677, 55.6440335], [37.7440601, 55.6440555], [37.74404, 55.6440533], [37.7440172, 55.644119], [37.7440378, 55.6441212], [37.7440297, 55.6441445], [37.7440222, 55.6441662], [37.7440016, 55.644164], [37.7439805, 55.644225], [37.7440008, 55.6442272], [37.7439845, 55.6442741], [37.7439642, 55.6442719], [37.7439382, 55.6443469], [37.7439584, 55.6443491], [37.7439485, 55.6443776], [37.74394, 55.6444023], [37.7439198, 55.6444001], [37.7438986, 55.6444613], [37.7439198, 55.6444636], [37.7439119, 55.6444863], [37.7440815, 55.644505], [37.7440902, 55.6444799], [37.744118, 55.644483], [37.7441775, 55.6443113], [37.7441472, 55.6443079], [37.7441682, 55.6442473], [37.7441985, 55.6442507], [37.7442578, 55.6440797], [37.7442299, 55.6440766], [37.7442383, 55.6440523], [37.7442019, 55.6440483], [37.7441826, 55.644], [37.7440182, 55.644], [37.744027, 55.6440078]]]}, "properties": {"id": "b40680976", "floors": 17, "name": "", "osm_building": "apartments", "addr": "Батайский проезд 65"}}, {"type": "Feature", "geometry": {"type": "Polygon", "coordinates": [[[37.7429828, 55.6445908], [37.7429831, 55.6445841], [37.7427108, 55.6445808], [37.7427105, 55.6445895], [37.7426045, 55.6445883], [37.7426049, 55.6445795], [37.742326, 55.6445762], [37.7423257, 55.6445849], [37.742217, 55.6445836], [37.7422173, 55.6445749], [37.7419518, 55.6445717], [37.7419514, 55.644581], [37.7418896, 55.6445802], [37.7418863, 55.6446696], [37.741935, 55.6446702], [37.7419343, 55.6446883], [37.742051, 55.6446897], [37.7421677, 55.6446911], [37.7421685, 55.6446722], [37.74232, 55.644674], [37.7423192, 55.6446929], [37.7424299, 55.6446943], [37.7425406, 55.6446956], [37.7425413, 55.6446755], [37.7426996, 55.6446774], [37.7426988, 55.6446975], [37.7428128, 55.6446989], [37.7429268, 55.6447002], [37.7429275, 55.644682], [37.7430395, 55.6446834], [37.743043, 55.6445915], [37.7429828, 55.6445908]]]}, "properties": {"id": "b40680978", "floors": 17, "name": "", "osm_building": "apartments", "addr": "Батайский проезд 59"}}, {"type": "Feature", "geometry": {"type": "Polygon", "coordinates": [[[37.7422733, 55.6469199], [37.7422824, 55.6468978], [37.7419658, 55.6468561], [37.7419585, 55.6468738], [37.7418628, 55.6468612], [37.7418702, 55.6468434], [37.7415564, 55.6468021], [37.7415469, 55.6468248], [37.7414975, 55.6468183], [37.7414625, 55.646903], [37.7415031, 55.6469083], [37.7414964, 55.6469245], [37.7416568, 55.6469457], [37.7418173, 55.6469668], [37.7418238, 55.6469512], [37.7419149, 55.6469632], [37.7419084, 55.6469788], [37.7420711, 55.6470003], [37.7422338, 55.6470217], [37.7422416, 55.6470028], [37.7422858, 55.6470087], [37.7422974, 55.6469807], [37.7424067, 55.6469713], [37.7424251, 55.6469888], [37.7424594, 55.6469776], [37.7424792, 55.6469951], [37.7426194, 55.6469446], [37.7427597, 55.6468942], [37.7427412, 55.6468778], [37.7428165, 55.6468507], [37.7428349, 55.6468671], [37.7429749, 55.6468167], [37.7431149, 55.6467663], [37.7430896, 55.646744], [37.7431256, 55.646731], [37.7431025, 55.6467083], [37.7431682, 55.6466571], [37.7432134, 55.6466619], [37.7432181, 55.6466479], [37.7432492, 55.6466512], [37.743322, 55.646468], [37.7432912, 55.6464641], [37.7433122, 55.6464113], [37.7433431, 55.6464152], [37.743412, 55.6462418], [37.7433767, 55.6462373], [37.7433893, 55.6462056], [37.7432287, 55.6461852], [37.7432173, 55.6462139], [37.7431944, 55.646211], [37.7431589, 55.6463002], [37.7431234, 55.6463895], [37.7431535, 55.6463933], [37.7431319, 55.6464476], [37.7431019, 55.6464438], [37.743066, 55.6465338], [37.7430302, 55.6466239], [37.7430685, 55.6466283], [37.7430649, 55.6466399], [37.7430431, 55.6466647], [37.7430073, 55.6466777], [37.7429927, 55.6466647], [37.7427224, 55.646762], [37.7427365, 55.6467745], [37.7426517, 55.6468051], [37.7426376, 55.6467925], [37.7423687, 55.6468893], [37.7423907, 55.6469087], [37.7423559, 55.6469218], [37.7423135, 55.6469251], [37.7422733, 55.6469199]]]}, "properties": {"id": "b40680979", "floors": 17, "name": "", "osm_building": "apartments", "addr": "Люблинская улица 118"}}, {"type": "Feature", "geometry": {"type": "Polygon", "coordinates": [[[37.7383586, 55.6445004], [37.7384317, 55.6445016], [37.7384285, 55.6445655], [37.7385336, 55.6445672], [37.7385305, 55.6446279], [37.7387882, 55.644632], [37.7387858, 55.6446794], [37.7388473, 55.6446804], [37.7388985, 55.6446812], [37.7389009, 55.6446338], [37.7391167, 55.6446373], [37.7391141, 55.6446886], [37.7391717, 55.6446895], [37.7392282, 55.6446904], [37.7392308, 55.6446391], [37.7394239, 55.6446422], [37.7394213, 55.6446953], [37.7394775, 55.6446962], [37.7395352, 55.6446971], [37.7395378, 55.644644], [37.73967, 55.6446461], [37.7396761, 55.6445265], [37.7386355, 55.6445099], [37.7386367, 55.6444852], [37.7385859, 55.6444844], [37.7385311, 55.6444835], [37.7385352, 55.6444024], [37.7385862, 55.6444032], [37.7385881, 55.6443657], [37.7386767, 55.6443671], [37.738678, 55.6443408], [37.7386796, 55.6443089], [37.738591, 55.6443075], [37.7385971, 55.6441862], [37.7386956, 55.6441878], [37.7386969, 55.6441621], [37.7386985, 55.6441302], [37.7386, 55.6441286], [37.7386064, 55.6440024], [37.7386942, 55.6440038], [37.7386944, 55.644], [37.7383838, 55.644], [37.7383586, 55.6445004]]]}, "properties": {"id": "b40680982", "floors": 14, "name": "", "osm_building": "apartments", "addr": "Батайский проезд 49"}}, {"type": "Feature", "geometry": {"type": "Polygon", "coordinates": [[[37.7358802, 55.6461814], [37.7358724, 55.6462898], [37.7359253, 55.646291], [37.7359243, 55.6463046], [37.7359795, 55.6463059], [37.7359788, 55.6463156], [37.7360425, 55.646317], [37.7361063, 55.6463185], [37.736107, 55.6463084], [37.736166, 55.6463098], [37.736167, 55.646296], [37.736328, 55.6462997], [37.7363271, 55.6463131], [37.7363873, 55.6463144], [37.7363866, 55.6463238], [37.736447, 55.6463252], [37.7365073, 55.6463266], [37.736508, 55.6463167], [37.7365631, 55.646318], [37.7365641, 55.6463042], [37.7367316, 55.646308], [37.7367304, 55.6463237], [37.7367815, 55.6463249], [37.7367807, 55.6463348], [37.7368432, 55.6463363], [37.7369056, 55.6463377], [37.7369062, 55.6463296], [37.7369718, 55.6463311], [37.7369729, 55.6463156], [37.7370756, 55.646318], [37.7370834, 55.646209], [37.7358802, 55.6461814]]]}, "properties": {"id": "b40680983", "floors": 22, "name": "", "osm_building": "apartments", "addr": "Новочеркасский бульвар 42"}}, {"type": "Feature", "geometry": {"type": "Polygon", "coordinates": [[[37.7415099, 55.6445991], [37.7415048, 55.6446577], [37.741445, 55.6446561], [37.7413852, 55.6446544], [37.7413796, 55.6447189], [37.7412886, 55.6447164], [37.7412824, 55.6447888], [37.7413066, 55.6447895], [37.7413014, 55.6448507], [37.7412771, 55.6448501], [37.7412635, 55.6450082], [37.7412859, 55.6450088], [37.7412808, 55.6450678], [37.7412584, 55.6450672], [37.741245, 55.6452238], [37.7412718, 55.6452246], [37.7412667, 55.6452845], [37.7412398, 55.6452838], [37.7412265, 55.6454388], [37.7412491, 55.6454395], [37.741244, 55.6454992], [37.7412213, 55.6454986], [37.7412078, 55.645656], [37.7412303, 55.6456567], [37.7412253, 55.645715], [37.7412028, 55.6457144], [37.7411974, 55.6457775], [37.7412885, 55.64578], [37.7412856, 55.6458138], [37.7412827, 55.6458476], [37.7414133, 55.6458512], [37.7414085, 55.6459069], [37.7414771, 55.6459088], [37.741479, 55.6458863], [37.7416346, 55.6458906], [37.7416327, 55.645913], [37.7417473, 55.6459162], [37.7418619, 55.6459193], [37.7418637, 55.645898], [37.7419772, 55.6459011], [37.7419855, 55.6458045], [37.7419306, 55.645803], [37.7419316, 55.6457921], [37.7416431, 55.6457842], [37.7416421, 55.6457959], [37.7415497, 55.6457934], [37.7415507, 55.6457816], [37.7414235, 55.6457782], [37.7414262, 55.645746], [37.741395, 55.6457451], [37.741403, 55.6456521], [37.7414342, 55.645653], [37.7414394, 55.6455928], [37.7414446, 55.6455326], [37.7414131, 55.6455318], [37.7414209, 55.6454403], [37.7414524, 55.6454412], [37.7414576, 55.645381], [37.7414628, 55.6453208], [37.7414297, 55.6453199], [37.7414383, 55.6452199], [37.7414714, 55.6452208], [37.7414766, 55.6451603], [37.7414818, 55.6450998], [37.7414469, 55.6450988], [37.7414546, 55.6450088], [37.7414895, 55.6450097], [37.7414948, 55.6449481], [37.7415001, 55.6448865], [37.7414662, 55.6448855], [37.7414769, 55.6447614], [37.7415108, 55.6447624], [37.741513, 55.6447363], [37.7415709, 55.6447379], [37.7415735, 55.6447067], [37.7416798, 55.6447096], [37.7416888, 55.644604], [37.7415099, 55.6445991]]]}, "properties": {"id": "b40680987", "floors": 17, "name": "", "osm_building": "apartments", "addr": "Люблинская улица 124"}}, {"type": "Feature", "geometry": {"type": "Polygon", "coordinates": [[[37.7422406, 55.653224], [37.742925, 55.6514361], [37.742659, 55.6514036], [37.7421837, 55.6513457], [37.7414993, 55.6531337], [37.7422406, 55.653224]]]}, "properties": {"id": "b45016931", "floors": 2, "name": "Марьинский пассаж", "osm_building": "retail", "addr": "Люблинская улица 102А"}}, {"type": "Feature", "geometry": {"type": "Polygon", "coordinates": [[[37.7449191, 55.6525357], [37.7450934, 55.6527069], [37.7450462, 55.6528589], [37.7449793, 55.6530222], [37.7449228, 55.6531379], [37.7448199, 55.6531223], [37.7447819, 55.6532321], [37.744888, 55.6532449], [37.7449019, 55.6532135], [37.7450411, 55.6532262], [37.7450672, 55.6531654], [37.7451297, 55.653174], [37.7452165, 55.6530055], [37.7452845, 55.6528661], [37.7453422, 55.6527131], [37.7451655, 55.6527052], [37.7451594, 55.6526883], [37.7453045, 55.6526291], [37.7451351, 55.6524732], [37.745201, 55.6524466], [37.7450442, 55.6522832], [37.7448393, 55.6523554], [37.7450022, 55.6525083], [37.7449191, 55.6525357]]]}, "properties": {"id": "b46582725", "floors": 4, "name": "", "osm_building": "apartments", "addr": "Люблинская улица 161 к1"}}, {"type": "Feature", "geometry": {"type": "Polygon", "coordinates": [[[37.7388058, 55.645357], [37.7388133, 55.6450799], [37.7388624, 55.6450804], [37.7388608, 55.6451368], [37.7390277, 55.6451383], [37.7391925, 55.6451397], [37.739194, 55.6450838], [37.7391959, 55.6450168], [37.7391975, 55.6449546], [37.7388667, 55.6449518], [37.738865, 55.6450134], [37.7388143, 55.645013], [37.7388186, 55.6448538], [37.7384955, 55.644851], [37.7384913, 55.6450083], [37.7384185, 55.6450077], [37.7384166, 55.6450747], [37.7384903, 55.6450754], [37.7384827, 55.6453543], [37.7388058, 55.645357]]]}, "properties": {"id": "b46679103", "floors": 8, "name": "Поликлиника №185", "osm_building": "yes", "addr": "Новочеркасский бульвар 48"}}, {"type": "Feature", "geometry": {"type": "Polygon", "coordinates": [[[37.737833, 55.6464387], [37.7378553, 55.6461216], [37.7378715, 55.6458911], [37.7378749, 55.6458433], [37.7376153, 55.6458374], [37.7375894, 55.6462046], [37.7375837, 55.6462855], [37.7373193, 55.6462795], [37.7373061, 55.6464678], [37.7378301, 55.6464796], [37.737833, 55.6464387]]]}, "properties": {"id": "b46679150", "floors": 1, "name": "", "osm_building": "retail", "addr": "Новочеркасский бульвар 44"}}, {"type": "Feature", "geometry": {"type": "Polygon", "coordinates": [[[37.7425844, 55.6442306], [37.7426096, 55.6442311], [37.7426841, 55.6442325], [37.7429369, 55.6442372], [37.7429436, 55.6441245], [37.742591, 55.6441179], [37.7425844, 55.6442306]]]}, "properties": {"id": "b46774464", "floors": 1, "name": "", "osm_building": "service", "addr": "Батайский проезд 65 с2"}}, {"type": "Feature", "geometry": {"type": "Polygon", "coordinates": [[[37.7462097, 55.650783], [37.7463998, 55.6508165], [37.7464611, 55.6506973], [37.7464094, 55.6506893], [37.7464471, 55.650624], [37.7462918, 55.6506047], [37.7462698, 55.650647], [37.7462412, 55.6506618], [37.7461385, 55.6507027], [37.7462097, 55.650783]]]}, "properties": {"id": "b47171778", "floors": 2, "name": "", "osm_building": "yes", "addr": "Люблинская улица 165А"}}, {"type": "Feature", "geometry": {"type": "Polygon", "coordinates": [[[37.7469793, 55.6488421], [37.746963, 55.6488978], [37.7471053, 55.6489172], [37.7471318, 55.648846], [37.7472027, 55.648858], [37.747255, 55.6487586], [37.7470931, 55.6487329], [37.7470324, 55.6487283], [37.7469432, 55.6487495], [37.746914, 55.6487868], [37.7469793, 55.6488421]]]}, "properties": {"id": "b47171781", "floors": 2, "name": "", "osm_building": "service", "addr": "Люблинская улица 169А"}}, {"type": "Feature", "geometry": {"type": "Polygon", "coordinates": [[[37.7484692, 55.6506449], [37.7486085, 55.6506643], [37.7486421, 55.6505873], [37.748415, 55.6505557], [37.7483069, 55.6508036], [37.7483946, 55.6508158], [37.7484692, 55.6506449]]]}, "properties": {"id": "b47171782", "floors": 3, "name": "Шаг к пятерке", "osm_building": "yes", "addr": ""}}, {"type": "Feature", "geometry": {"type": "Polygon", "coordinates": [[[37.752531, 55.6466015], [37.7527209, 55.6466246], [37.7530447, 55.6457789], [37.7528548, 55.6457557], [37.752531, 55.6466015]]]}, "properties": {"id": "b47171788", "floors": 1, "name": "", "osm_building": "yes", "addr": "Луговой проезд 12 к1"}}, {"type": "Feature", "geometry": {"type": "Polygon", "coordinates": [[[37.7499692, 55.6512386], [37.7502978, 55.6512818], [37.7503612, 55.6513451], [37.7507766, 55.6513975], [37.7508667, 55.6513721], [37.7510655, 55.6509355], [37.7510398, 55.6509017], [37.7507765, 55.6508651], [37.7507548, 55.6509314], [37.7508927, 55.6509493], [37.7507966, 55.6511847], [37.7505425, 55.6511517], [37.7505171, 55.651214], [37.7500063, 55.6511448], [37.7499692, 55.6512386]]]}, "properties": {"id": "b47171789", "floors": 3, "name": "", "osm_building": "retail", "addr": ""}}, {"type": "Feature", "geometry": {"type": "Polygon", "coordinates": [[[37.7460316, 55.6467869], [37.7462787, 55.6461752], [37.7458039, 55.6461141], [37.7455568, 55.6467258], [37.7460316, 55.6467869]]]}, "properties": {"id": "b47171967", "floors": 6, "name": "", "osm_building": "yes", "addr": "Люблинская улица 171 к1"}}, {"type": "Feature", "geometry": {"type": "Polygon", "coordinates": [[[37.7454217, 55.6472451], [37.745404, 55.6472915], [37.7455054, 55.6473038], [37.7455223, 55.6472594], [37.7458024, 55.6472933], [37.7459509, 55.6469026], [37.7454654, 55.6468439], [37.7453176, 55.6472325], [37.7454217, 55.6472451]]]}, "properties": {"id": "b47171969", "floors": 2, "name": "Авто Леон Арт", "osm_building": "yes", "addr": "Люблинская улица 171 к1А"}}, {"type": "Feature", "geometry": {"type": "Polygon", "coordinates": [[[37.7496468, 55.651222], [37.7484019, 55.6510491], [37.7484574, 55.6509218], [37.7483546, 55.6509075], [37.7483946, 55.6508158], [37.7483069, 55.6508036], [37.7481893, 55.6510731], [37.7482393, 55.6511034], [37.7492733, 55.651247], [37.749691, 55.651305], [37.7497027, 55.651278], [37.7497826, 55.6512891], [37.7498595, 55.6511128], [37.7497039, 55.6510912], [37.7496468, 55.651222]]]}, "properties": {"id": "b47250483", "floors": 1, "name": "", "osm_building": "retail", "addr": "Новомарьинская улица 4"}}, {"type": "Feature", "geometry": {"type": "Polygon", "coordinates": [[[37.7393511, 55.6517583], [37.7393902, 55.6516514], [37.739259, 55.6516361], [37.7392743, 55.6515943], [37.739298, 55.6515971], [37.7393196, 55.6515381], [37.7393678, 55.6515438], [37.7393894, 55.6514849], [37.7393429, 55.6514795], [37.7393633, 55.6514238], [37.7393423, 55.6514214], [37.7393571, 55.6513808], [37.7394906, 55.6513964], [37.739533, 55.6512807], [37.7391245, 55.651233], [37.7390825, 55.6513475], [37.739215, 55.651363], [37.7391997, 55.6514047], [37.7391747, 55.6514018], [37.7391547, 55.6514564], [37.7391091, 55.6514511], [37.7390867, 55.6515121], [37.7391345, 55.6515177], [37.7391134, 55.6515752], [37.739137, 55.6515779], [37.7391217, 55.6516195], [37.7389864, 55.6516037], [37.738947, 55.6517111], [37.7393511, 55.6517583]]]}, "properties": {"id": "b47346175", "floors": 3, "name": "", "osm_building": "yes", "addr": "Люблинская улица 106"}}, {"type": "Feature", "geometry": {"type": "Polygon", "coordinates": [[[37.7402408, 55.6490511], [37.7400475, 55.6490466], [37.740042, 55.6491222], [37.7399665, 55.6491205], [37.7399675, 55.6491068], [37.7398608, 55.6491043], [37.7398629, 55.6490766], [37.7397565, 55.6490741], [37.7397546, 55.6491009], [37.7396538, 55.6490986], [37.739653, 55.6491107], [37.7395797, 55.649109], [37.7395853, 55.6490322], [37.7393761, 55.6490273], [37.739359, 55.6492625], [37.7395659, 55.6492673], [37.7395715, 55.649191], [37.7396469, 55.6491928], [37.7396459, 55.6492072], [37.7397447, 55.6492094], [37.7397428, 55.6492357], [37.7398531, 55.6492382], [37.7398551, 55.6492108], [37.7399591, 55.6492132], [37.7399601, 55.6491996], [37.7400353, 55.6492013], [37.7400296, 55.6492792], [37.7402238, 55.6492837], [37.7402408, 55.6490511]]]}, "properties": {"id": "b47346188", "floors": 2, "name": "", "osm_building": "kindergarten", "addr": "Люблинская улица 114"}}, {"type": "Feature", "geometry": {"type": "Polygon", "coordinates": [[[37.7402314, 55.6454694], [37.7402274, 55.6455785], [37.7403615, 55.6455801], [37.7403599, 55.6456227], [37.7403357, 55.6456224], [37.7403335, 55.6456826], [37.7402843, 55.6456821], [37.7402822, 55.6457421], [37.7403296, 55.6457427], [37.7403276, 55.6457996], [37.7403491, 55.6457998], [37.7403476, 55.6458412], [37.7402113, 55.6458396], [37.740207, 55.6459577], [37.7406241, 55.6459625], [37.7406283, 55.6458457], [37.7404931, 55.6458441], [37.7404946, 55.6458015], [37.7405201, 55.6458018], [37.7405221, 55.645746], [37.7405687, 55.6457465], [37.7405709, 55.6456843], [37.7405222, 55.6456837], [37.7405243, 55.645625], [37.7405002, 55.6456247], [37.7405018, 55.6455822], [37.7406399, 55.6455838], [37.7406439, 55.6454742], [37.7402314, 55.6454694]]]}, "properties": {"id": "b47346204", "floors": 3, "name": "", "osm_building": "kindergarten", "addr": "Люблинская улица 120"}}, {"type": "Feature", "geometry": {"type": "Polygon", "coordinates": [[[37.7402985, 55.6443455], [37.7402946, 55.6444546], [37.7404286, 55.6444561], [37.7404271, 55.6444988], [37.7404028, 55.6444985], [37.7404006, 55.6445587], [37.7403515, 55.6445581], [37.7403493, 55.6446182], [37.7403968, 55.6446187], [37.7403947, 55.6446756], [37.7404162, 55.6446759], [37.7404147, 55.6447172], [37.7402784, 55.6447157], [37.7402742, 55.6448338], [37.7406913, 55.6448386], [37.7406955, 55.6447217], [37.7405602, 55.6447202], [37.7405618, 55.6446776], [37.7405873, 55.6446779], [37.7405893, 55.644622], [37.7406358, 55.6446226], [37.7406369, 55.6445927], [37.7406381, 55.6445603], [37.7405893, 55.6445598], [37.7405915, 55.644501], [37.7405674, 55.6445008], [37.7405689, 55.6444583], [37.7407071, 55.6444599], [37.740711, 55.6443502], [37.7402985, 55.6443455]]]}, "properties": {"id": "b47346205", "floors": 3, "name": "", "osm_building": "kindergarten", "addr": "Батайский проезд 57"}}, {"type": "Feature", "geometry": {"type": "Polygon", "coordinates": [[[37.7487347, 55.6453614], [37.7486935, 55.6454672], [37.7488468, 55.6454847], [37.7488301, 55.6455262], [37.7488065, 55.6455232], [37.7487829, 55.645582], [37.7487349, 55.6455758], [37.7487115, 55.6456344], [37.7487578, 55.6456403], [37.7487355, 55.6456958], [37.7487565, 55.6456985], [37.7487403, 55.6457389], [37.7486074, 55.6457219], [37.7485612, 55.6458371], [37.7489681, 55.6458891], [37.7490138, 55.6457751], [37.7488818, 55.6457582], [37.7488985, 55.6457167], [37.7489234, 55.6457198], [37.7489452, 55.6456654], [37.7489906, 55.6456712], [37.7490149, 55.6456104], [37.7489674, 55.6456044], [37.7489904, 55.6455471], [37.7489669, 55.6455441], [37.7489835, 55.6455026], [37.7491183, 55.6455198], [37.7491611, 55.6454129], [37.7487347, 55.6453614]]]}, "properties": {"id": "b47346282", "floors": 3, "name": "", "osm_building": "kindergarten", "addr": "Люблинская улица 177"}}, {"type": "Feature", "geometry": {"type": "Polygon", "coordinates": [[[37.7359779, 55.6528821], [37.7361663, 55.652907], [37.7361968, 55.6528333], [37.7362703, 55.652843], [37.7362648, 55.6528563], [37.7363688, 55.65287], [37.7363576, 55.6528971], [37.7364612, 55.6529107], [37.736472, 55.6528846], [37.7365702, 55.6528976], [37.7365751, 55.6528858], [37.7366465, 55.6528952], [37.7366155, 55.6529701], [37.7368194, 55.6529969], [37.7369143, 55.6527677], [37.7367126, 55.6527412], [37.7366818, 55.6528155], [37.7366083, 55.6528058], [37.7366141, 55.6527918], [37.7365177, 55.6527791], [37.7365283, 55.6527535], [37.7364208, 55.6527393], [37.7364098, 55.6527661], [37.7363084, 55.6527528], [37.7363029, 55.652766], [37.7362296, 55.6527563], [37.736261, 55.6526804], [37.7360718, 55.6526555], [37.7359779, 55.6528821]]]}, "properties": {"id": "b47346354", "floors": 2, "name": "", "osm_building": "kindergarten", "addr": "улица Перерва 42"}}, {"type": "Feature", "geometry": {"type": "Polygon", "coordinates": [[[37.7424748, 55.6443224], [37.7426041, 55.6443248], [37.7426068, 55.6442782], [37.7424776, 55.6442758], [37.7424748, 55.6443224]]]}, "properties": {"id": "b47578699", "floors": 1, "name": "", "osm_building": "service", "addr": ""}}, {"type": "Feature", "geometry": {"type": "Polygon", "coordinates": [[[37.7356278, 55.646437], [37.7356378, 55.6462491], [37.7353762, 55.6462447], [37.7354, 55.6457954], [37.735132, 55.6457909], [37.7350983, 55.6464281], [37.7356278, 55.646437]]]}, "properties": {"id": "b47670492", "floors": 1, "name": "", "osm_building": "retail", "addr": "Новочеркасский бульвар 40 к1"}}, {"type": "Feature", "geometry": {"type": "Polygon", "coordinates": [[[37.7380007, 55.6446542], [37.7380032, 55.6445701], [37.7378886, 55.6445691], [37.7378861, 55.6446532], [37.7380007, 55.6446542]]]}, "properties": {"id": "b47805293", "floors": 1, "name": "", "osm_building": "service", "addr": ""}}, {"type": "Feature", "geometry": {"type": "Polygon", "coordinates": [[[37.7363187, 55.6459708], [37.7366921, 55.6459769], [37.7366981, 55.6458293], [37.7363247, 55.6458232], [37.7363187, 55.6459708]]]}, "properties": {"id": "b47977864", "floors": 3, "name": "", "osm_building": "service", "addr": "Новочеркасский бульвар 42 с2"}}, {"type": "Feature", "geometry": {"type": "Polygon", "coordinates": [[[37.7420538, 55.6455412], [37.7420643, 55.6453669], [37.7418735, 55.6453638], [37.741863, 55.6455381], [37.7420538, 55.6455412]]]}, "properties": {"id": "b47977940", "floors": 1, "name": "", "osm_building": "service", "addr": ""}}, {"type": "Feature", "geometry": {"type": "Polygon", "coordinates": [[[37.7420386, 55.6448751], [37.7420363, 55.6449346], [37.7421603, 55.6449356], [37.7421626, 55.6448761], [37.7420386, 55.6448751]]]}, "properties": {"id": "b47977957", "floors": 1, "name": "", "osm_building": "service", "addr": ""}}, {"type": "Feature", "geometry": {"type": "Polygon", "coordinates": [[[37.735674, 55.6482805], [37.7357053, 55.6478551], [37.735601, 55.6478526], [37.7353274, 55.6478462], [37.7352661, 55.6478448], [37.7352348, 55.6482702], [37.735674, 55.6482805]]]}, "properties": {"id": "b47978477", "floors": 2, "name": "Музыкальный парк", "osm_building": "yes", "addr": "Новочеркасский бульвар 41 к1"}}, {"type": "Feature", "geometry": {"type": "Polygon", "coordinates": [[[37.7398614, 55.6551105], [37.7401293, 55.6548879], [37.7402196, 55.6546769], [37.7402679, 55.6543761], [37.7399075, 55.6543189], [37.7398045, 55.6544089], [37.739443, 55.6546869], [37.7394281, 55.6547491], [37.7392693, 55.6548834], [37.7398614, 55.6551105]]]}, "properties": {"id": "b48015441", "floors": 3, "name": "Фентези парк Развлекательный центр", "osm_building": "yes", "addr": "Люблинская улица 100"}}, {"type": "Feature", "geometry": {"type": "Polygon", "coordinates": [[[37.7354815, 55.6533939], [37.7372534, 55.6536063], [37.7373258, 55.6534141], [37.7370872, 55.6533855], [37.7370642, 55.6534465], [37.7355309, 55.6532627], [37.7354815, 55.6533939]]]}, "properties": {"id": "b48015820", "floors": 17, "name": "", "osm_building": "apartments", "addr": "улица Перерва 40"}}, {"type": "Feature", "geometry": {"type": "Polygon", "coordinates": [[[37.7353063, 55.6527785], [37.735087, 55.6527753], [37.7350721, 55.6532099], [37.7352881, 55.6532125], [37.7353063, 55.6527785]]]}, "properties": {"id": "b48015821", "floors": 17, "name": "", "osm_building": "apartments", "addr": "улица Перерва 38"}}, {"type": "Feature", "geometry": {"type": "Polygon", "coordinates": [[[37.7351599, 55.6505448], [37.7359662, 55.650562], [37.7359561, 55.6506748], [37.7357528, 55.650671], [37.7357291, 55.6510705], [37.7362881, 55.6510839], [37.7363118, 55.6506844], [37.7361017, 55.6506806], [37.7361085, 55.6505659], [37.7364616, 55.6505665], [37.7364703, 55.6504331], [37.735162, 55.6504024], [37.7351599, 55.6505448]]]}, "properties": {"id": "b48016076", "floors": 4, "name": "", "osm_building": "school", "addr": "улица Перерва 36"}}, {"type": "Feature", "geometry": {"type": "Polygon", "coordinates": [[[37.7357855, 55.6516131], [37.7357753, 55.6517258], [37.735572, 55.651722], [37.7355483, 55.6521215], [37.7361073, 55.6521349], [37.736131, 55.6517354], [37.735921, 55.6517316], [37.7359278, 55.6516169], [37.7362808, 55.6516176], [37.7362895, 55.6514841], [37.735, 55.6514538], [37.735, 55.6515963], [37.7357855, 55.6516131]]]}, "properties": {"id": "b48016077", "floors": 4, "name": "", "osm_building": "school", "addr": "улица Перерва 44"}}, {"type": "Feature", "geometry": {"type": "Polygon", "coordinates": [[[37.7362677, 55.6500014], [37.7363675, 55.6500218], [37.7364605, 55.6500231], [37.7365399, 55.6500193], [37.7366532, 55.6500052], [37.7366532, 55.6500858], [37.7368687, 55.6500858], [37.7368732, 55.6499886], [37.7370161, 55.6499911], [37.7370184, 55.6500257], [37.7372157, 55.6500282], [37.7372225, 55.6499092], [37.7370116, 55.6499079], [37.7370093, 55.6499348], [37.7368664, 55.6499361], [37.7368642, 55.6498414], [37.7366714, 55.6498414], [37.7366623, 55.6499207], [37.7365603, 55.6499054], [37.7365126, 55.6499067], [37.7364242, 55.6499015], [37.7362654, 55.6499169], [37.73627, 55.6498312], [37.736084, 55.6498299], [37.736084, 55.6500653], [37.7362677, 55.6500692], [37.7362677, 55.6500014]]]}, "properties": {"id": "b48016374", "floors": 3, "name": "", "osm_building": "kindergarten", "addr": "Новочеркасский бульвар 39"}}, {"type": "Feature", "geometry": {"type": "Polygon", "coordinates": [[[37.7380284, 55.6485014], [37.7380278, 55.6485188], [37.7381237, 55.64852], [37.7381306, 55.6483464], [37.7381062, 55.6483461], [37.7381067, 55.6483341], [37.7381072, 55.6483221], [37.7384005, 55.6483258], [37.7384824, 55.6483269], [37.7384836, 55.6482974], [37.7385903, 55.6482987], [37.7385946, 55.6481906], [37.7382579, 55.6481863], [37.7382584, 55.6481722], [37.7381583, 55.6481709], [37.7381545, 55.6482649], [37.7380205, 55.6482632], [37.738021, 55.6482511], [37.7379234, 55.6482498], [37.7379208, 55.6483145], [37.7378861, 55.6483141], [37.737881, 55.648442], [37.7378583, 55.6484417], [37.737856, 55.6484992], [37.7380284, 55.6485014]]]}, "properties": {"id": "b48016577", "floors": 22, "name": "", "osm_building": "apartments", "addr": "Новочеркасский бульвар 43"}}, {"type": "Feature", "geometry": {"type": "Polygon", "coordinates": [[[37.7360642, 55.6487508], [37.7360759, 55.6486058], [37.7352584, 55.6485849], [37.7352467, 55.6487298], [37.7360642, 55.6487508]]]}, "properties": {"id": "b48016952", "floors": 3, "name": "", "osm_building": "retail", "addr": "Новочеркасский бульвар 41 к3"}}, {"type": "Feature", "geometry": {"type": "Polygon", "coordinates": [[[37.7393034, 55.6460642], [37.7392976, 55.6462654], [37.7395121, 55.6462673], [37.7395179, 55.6460662], [37.7393034, 55.6460642]]]}, "properties": {"id": "b48037992", "floors": 1, "name": "", "osm_building": "service", "addr": "Новочеркасский бульвар 46 к2"}}, {"type": "Feature", "geometry": {"type": "Polygon", "coordinates": [[[37.7360186, 55.6458804], [37.7360236, 55.6458037], [37.7359057, 55.6458012], [37.7359007, 55.645878], [37.7360186, 55.6458804]]]}, "properties": {"id": "b48038458", "floors": 3, "name": "", "osm_building": "service", "addr": ""}}, {"type": "Feature", "geometry": {"type": "Polygon", "coordinates": [[[37.7539507, 55.6445392], [37.7539799, 55.6444599], [37.7537904, 55.6444377], [37.7537612, 55.6445169], [37.7539507, 55.6445392]]]}, "properties": {"id": "b48045396", "floors": 1, "name": "", "osm_building": "service", "addr": "Поречная улица 6"}}, {"type": "Feature", "geometry": {"type": "Polygon", "coordinates": [[[37.7402492, 55.6474353], [37.7408796, 55.6475053], [37.7409235, 55.6473794], [37.7408857, 55.6473154], [37.7403132, 55.6472517], [37.7402492, 55.6474353]]]}, "properties": {"id": "b48171237", "floors": 4, "name": "Центр В.И.Дикуля «Марьино»", "osm_building": "clinic", "addr": "Новочеркасский бульвар 55 к2"}}, {"type": "Feature", "geometry": {"type": "Polygon", "coordinates": [[[37.7390922, 55.6454001], [37.7391863, 55.6454023], [37.7391909, 55.6453398], [37.7390968, 55.6453376], [37.7390922, 55.6454001]]]}, "properties": {"id": "b51679387", "floors": 1, "name": "", "osm_building": "yes", "addr": "Новочеркасский бульвар 48 с2"}}, {"type": "Feature", "geometry": {"type": "Polygon", "coordinates": [[[37.7431203, 55.6492569], [37.743208, 55.6492674], [37.7435598, 55.6493096], [37.7435829, 55.6492483], [37.7431434, 55.6491956], [37.7431203, 55.6492569]]]}, "properties": {"id": "b51679389", "floors": 3, "name": "", "osm_building": "retail", "addr": ""}}, {"type": "Feature", "geometry": {"type": "Polygon", "coordinates": [[[37.7436024, 55.6491782], [37.7436293, 55.6491088], [37.7431944, 55.6490551], [37.7431675, 55.6491245], [37.7436024, 55.6491782]]]}, "properties": {"id": "b51679390", "floors": 1, "name": "", "osm_building": "retail", "addr": ""}}, {"type": "Feature", "geometry": {"type": "Polygon", "coordinates": [[[37.7438027, 55.6487892], [37.7438271, 55.6487303], [37.7433488, 55.6486674], [37.7433245, 55.6487263], [37.7438027, 55.6487892]]]}, "properties": {"id": "b51679391", "floors": 1, "name": "", "osm_building": "retail", "addr": ""}}, {"type": "Feature", "geometry": {"type": "Polygon", "coordinates": [[[37.7433425, 55.6490045], [37.7434201, 55.6488073], [37.7432983, 55.6487921], [37.7432207, 55.6489892], [37.7433425, 55.6490045]]]}, "properties": {"id": "b51679392", "floors": 1, "name": "", "osm_building": "retail", "addr": ""}}, {"type": "Feature", "geometry": {"type": "Polygon", "coordinates": [[[37.7436676, 55.6490382], [37.7436829, 55.6489963], [37.7435749, 55.6489837], [37.7436159, 55.6488788], [37.7437298, 55.6488932], [37.7437393, 55.6488657], [37.7437262, 55.6488489], [37.7435383, 55.6488248], [37.7434613, 55.6490142], [37.7436676, 55.6490382]]]}, "properties": {"id": "b51679393", "floors": 1, "name": "", "osm_building": "retail", "addr": "Люблинская улица вл112А с1"}}, {"type": "Feature", "geometry": {"type": "Polygon", "coordinates": [[[37.7453438, 55.6516504], [37.7454645, 55.6516659], [37.745481, 55.6516247], [37.7453604, 55.6516092], [37.7453438, 55.6516504]]]}, "properties": {"id": "b51679394", "floors": 3, "name": "", "osm_building": "yes", "addr": "Люблинская улица 163/1А"}}, {"type": "Feature", "geometry": {"type": "Polygon", "coordinates": [[[37.7467518, 55.6520193], [37.7467684, 55.651971], [37.7466732, 55.6519606], [37.7466566, 55.6520089], [37.7467518, 55.6520193]]]}, "properties": {"id": "b51679395", "floors": 3, "name": "", "osm_building": "yes", "addr": "Новомарьинская улица 3 с2"}}, {"type": "Feature", "geometry": {"type": "Polygon", "coordinates": [[[37.7490496, 55.6522758], [37.748781, 55.652241], [37.7487394, 55.6523434], [37.7490079, 55.6523782], [37.7490496, 55.6522758]]]}, "properties": {"id": "b51679396", "floors": 3, "name": "", "osm_building": "service", "addr": "Новомарьинская улица 5 с2"}}, {"type": "Feature", "geometry": {"type": "Polygon", "coordinates": [[[37.7533692, 55.6448755], [37.7525263, 55.6447682], [37.752473, 55.6449017], [37.7525169, 55.6449072], [37.7531715, 55.6449905], [37.7530887, 55.6451976], [37.7530333, 55.6453363], [37.7531777, 55.6453547], [37.7532462, 55.6451833], [37.7533692, 55.6448755]]]}, "properties": {"id": "b51679397", "floors": 3, "name": "", "osm_building": "retail", "addr": "Поречная улица 5/14"}}, {"type": "Feature", "geometry": {"type": "Polygon", "coordinates": [[[37.7509692, 55.6473875], [37.751231, 55.647424], [37.7512732, 55.6473219], [37.7510148, 55.6472863], [37.7509692, 55.6473875]]]}, "properties": {"id": "b51679398", "floors": 1, "name": "", "osm_building": "service", "addr": ""}}, {"type": "Feature", "geometry": {"type": "Polygon", "coordinates": [[[37.7518656, 55.6465523], [37.7517013, 55.6465342], [37.7516548, 55.6466688], [37.7518191, 55.6466868], [37.7518656, 55.6465523]]]}, "properties": {"id": "b51679399", "floors": 3, "name": "", "osm_building": "service", "addr": "Луговой проезд 12 к1 с2"}}, {"type": "Feature", "geometry": {"type": "Polygon", "coordinates": [[[37.7542188, 55.6489036], [37.7542633, 55.6487953], [37.7541831, 55.6487848], [37.7542053, 55.648729], [37.7540581, 55.6487098], [37.7540358, 55.6487655], [37.7539407, 55.6487531], [37.7538962, 55.6488613], [37.7542188, 55.6489036]]]}, "properties": {"id": "b51679400", "floors": 2, "name": "", "osm_building": "yes", "addr": "Луговой проезд 5 к1"}}, {"type": "Feature", "geometry": {"type": "Polygon", "coordinates": [[[37.7546196, 55.6490111], [37.7547657, 55.649043], [37.7547307, 55.6490924], [37.7548353, 55.6491152], [37.7548703, 55.6490657], [37.7549608, 55.6490854], [37.755, 55.6490281], [37.755, 55.6490074], [37.7546711, 55.6489358], [37.7546196, 55.6490111]]]}, "properties": {"id": "b51679401", "floors": 3, "name": "", "osm_building": "yes", "addr": "Луговой проезд 5 к2"}}, {"type": "Feature", "geometry": {"type": "Polygon", "coordinates": [[[37.7493084, 55.6539671], [37.7492235, 55.6539569], [37.7491888, 55.6540455], [37.7494878, 55.6540851], [37.7495506, 55.6539302], [37.749637, 55.6539406], [37.7497412, 55.6536868], [37.749444, 55.6536413], [37.7493084, 55.6539671]]]}, "properties": {"id": "b51679402", "floors": 3, "name": "", "osm_building": "yes", "addr": ""}}, {"type": "Feature", "geometry": {"type": "Polygon", "coordinates": [[[37.7497045, 55.6524407], [37.7497361, 55.652354], [37.7494993, 55.6523265], [37.7494677, 55.6524132], [37.7497045, 55.6524407]]]}, "properties": {"id": "b51679403", "floors": 3, "name": "", "osm_building": "service", "addr": "Новомарьинская улица 5 с3"}}, {"type": "Feature", "geometry": {"type": "Polygon", "coordinates": [[[37.7379352, 55.6527981], [37.7378177, 55.6531098], [37.7384097, 55.6531808], [37.7385272, 55.6528692], [37.7379352, 55.6527981]]]}, "properties": {"id": "b51683358", "floors": 2, "name": "", "osm_building": "commercial", "addr": "улица Перерва 52 с1"}}, {"type": "Feature", "geometry": {"type": "Polygon", "coordinates": [[[37.7353569, 55.6483884], [37.7353489, 55.6485222], [37.7356066, 55.6485271], [37.7356146, 55.6483933], [37.7353569, 55.6483884]]]}, "properties": {"id": "b51683362", "floors": 1, "name": "Сбербанк", "osm_building": "commercial", "addr": "Новочеркасский бульвар 41 к2"}}, {"type": "Feature", "geometry": {"type": "Polygon", "coordinates": [[[37.7352319, 55.6488662], [37.7352257, 55.6489404], [37.7354313, 55.6489459], [37.7354376, 55.6488718], [37.7352319, 55.6488662]]]}, "properties": {"id": "b51683363", "floors": 3, "name": "", "osm_building": "yes", "addr": ""}}, {"type": "Feature", "geometry": {"type": "Polygon", "coordinates": [[[37.7358218, 55.6494806], [37.7355532, 55.6494763], [37.7355437, 55.6496668], [37.7358123, 55.649671], [37.7358218, 55.6494806]]]}, "properties": {"id": "b51683364", "floors": 3, "name": "", "osm_building": "service", "addr": "Новочеркасский бульвар 29 с2"}}, {"type": "Feature", "geometry": {"type": "Polygon", "coordinates": [[[37.7378101, 55.6534667], [37.737767, 55.6535905], [37.7379396, 55.6536096], [37.7379827, 55.6534859], [37.7378101, 55.6534667]]]}, "properties": {"id": "b51683365", "floors": 3, "name": "", "osm_building": "service", "addr": "улица Перерва 50 с4"}}, {"type": "Feature", "geometry": {"type": "Polygon", "coordinates": [[[37.7428603, 55.6511983], [37.7429027, 55.6510934], [37.7424561, 55.6510359], [37.7424137, 55.6511408], [37.7428603, 55.6511983]]]}, "properties": {"id": "b51683367", "floors": 1, "name": "", "osm_building": "retail", "addr": "Люблинская улица вл112А с3"}}, {"type": "Feature", "geometry": {"type": "Polygon", "coordinates": [[[37.7430859, 55.6506122], [37.74264, 55.6505609], [37.7426052, 55.6506573], [37.7430511, 55.6507086], [37.7430859, 55.6506122]]]}, "properties": {"id": "b51683368", "floors": 1, "name": "", "osm_building": "retail", "addr": ""}}, {"type": "Feature", "geometry": {"type": "Polygon", "coordinates": [[[37.7433538, 55.6507061], [37.7433844, 55.6506295], [37.7432089, 55.6506071], [37.7431782, 55.6506837], [37.7433538, 55.6507061]]]}, "properties": {"id": "b51683369", "floors": 1, "name": "", "osm_building": "retail", "addr": ""}}, {"type": "Feature", "geometry": {"type": "Polygon", "coordinates": [[[37.7429231, 55.6510454], [37.7429398, 55.6510033], [37.7428547, 55.6509926], [37.7429201, 55.6508277], [37.7430012, 55.650838], [37.743017, 55.6507981], [37.7428356, 55.6507751], [37.7427376, 55.6510219], [37.7429231, 55.6510454]]]}, "properties": {"id": "b51683370", "floors": 1, "name": "", "osm_building": "retail", "addr": "Люблинская улица 112А с1"}}, {"type": "Feature", "geometry": {"type": "Polygon", "coordinates": [[[37.7408677, 55.648822], [37.7410919, 55.6488509], [37.7411266, 55.6487653], [37.7409026, 55.6487363], [37.7408677, 55.648822]]]}, "properties": {"id": "b51683371", "floors": 3, "name": "", "osm_building": "service", "addr": "Новочеркасский бульвар 55 с2"}}, {"type": "Feature", "geometry": {"type": "Polygon", "coordinates": [[[37.7388898, 55.6488614], [37.7388994, 55.6486525], [37.7386311, 55.6486486], [37.7386215, 55.6488574], [37.7388898, 55.6488614]]]}, "properties": {"id": "b51683372", "floors": 3, "name": "", "osm_building": "service", "addr": "Новочеркасский бульвар 53 с2"}}, {"type": "Feature", "geometry": {"type": "Polygon", "coordinates": [[[37.7398203, 55.652281], [37.7401533, 55.6523208], [37.740206, 55.6521803], [37.739873, 55.6521406], [37.7398203, 55.652281]]]}, "properties": {"id": "b51683373", "floors": 1, "name": "", "osm_building": "service", "addr": "улица Перерва 50 с2"}}, {"type": "Feature", "geometry": {"type": "Polygon", "coordinates": [[[37.7369885, 55.6559011], [37.7372687, 55.656], [37.7377818, 55.656], [37.7371328, 55.655771], [37.7369885, 55.6559011]]]}, "properties": {"id": "b51701981", "floors": 2, "name": "", "osm_building": "industrial", "addr": "улица Перерва 23 с2"}}, {"type": "Feature", "geometry": {"type": "Polygon", "coordinates": [[[37.7371074, 55.6552464], [37.737385, 55.6553453], [37.7374874, 55.6552539], [37.7372098, 55.6551549], [37.7371074, 55.6552464]]]}, "properties": {"id": "b51702014", "floors": 3, "name": "", "osm_building": "service", "addr": "улица Перерва 21Б с1"}}, {"type": "Feature", "geometry": {"type": "Polygon", "coordinates": [[[37.7364932, 55.655804], [37.7368731, 55.6559442], [37.7370856, 55.6557608], [37.7367057, 55.6556207], [37.7364932, 55.655804]]]}, "properties": {"id": "b51702015", "floors": 4, "name": "", "osm_building": "office", "addr": "улица Перерва 23 с1"}}, {"type": "Feature", "geometry": {"type": "Polygon", "coordinates": [[[37.7357672, 55.6557149], [37.7358023, 55.6556855], [37.7358505, 55.6556452], [37.7359058, 55.6555988], [37.7359588, 55.6555502], [37.7360107, 55.6555057], [37.7360562, 55.6554648], [37.7360894, 55.6554752], [37.7361541, 55.6554169], [37.7353747, 55.6551293], [37.735, 55.6549978], [37.735, 55.6554335], [37.7357672, 55.6557149]]]}, "properties": {"id": "b51702016", "floors": 3, "name": "", "osm_building": "government", "addr": "улица Перерва 21 с1"}}, {"type": "Feature", "geometry": {"type": "Polygon", "coordinates": [[[37.7363467, 55.6559201], [37.7362634, 55.656], [37.7365878, 55.656], [37.7363467, 55.6559201]]]}, "properties": {"id": "b51702019", "floors": 3, "name": "", "osm_building": "yes", "addr": "улица Перерва 23 с3"}}, {"type": "Feature", "geometry": {"type": "Polygon", "coordinates": [[[37.7437314, 55.6512893], [37.7437853, 55.651297], [37.7438562, 55.6511379], [37.7437491, 55.6511227], [37.7436781, 55.6512818], [37.7437314, 55.6512893]]]}, "properties": {"id": "b101184860", "floors": 3, "name": "", "osm_building": "roof", "addr": ""}}, {"type": "Feature", "geometry": {"type": "Polygon", "coordinates": [[[37.7440081, 55.6489731], [37.7440751, 55.6488161], [37.7440212, 55.6488088], [37.7439695, 55.6488018], [37.7439025, 55.6489588], [37.7440081, 55.6489731]]]}, "properties": {"id": "b101184861", "floors": 3, "name": "", "osm_building": "roof", "addr": ""}}, {"type": "Feature", "geometry": {"type": "Polygon", "coordinates": [[[37.7439851, 55.6490321], [37.7438896, 55.6490203], [37.7438305, 55.6491719], [37.7438674, 55.6491765], [37.7439259, 55.6491838], [37.7439851, 55.6490321]]]}, "properties": {"id": "b101184863", "floors": 3, "name": "", "osm_building": "roof", "addr": ""}}, {"type": "Feature", "geometry": {"type": "Polygon", "coordinates": [[[37.7432775, 55.6508389], [37.7432257, 55.6508328], [37.7431757, 55.6508268], [37.7431142, 55.6509905], [37.743216, 55.6510027], [37.7432775, 55.6508389]]]}, "properties": {"id": "b101184865", "floors": 3, "name": "", "osm_building": "roof", "addr": ""}}, {"type": "Feature", "geometry": {"type": "Polygon", "coordinates": [[[37.7430855, 55.6510582], [37.7430233, 55.6512199], [37.7430707, 55.6512257], [37.7431299, 55.651233], [37.7431921, 55.6510713], [37.7430855, 55.6510582]]]}, "properties": {"id": "b101184866", "floors": 3, "name": "", "osm_building": "roof", "addr": ""}}, {"type": "Feature", "geometry": {"type": "Polygon", "coordinates": [[[37.7446692, 55.6490531], [37.744727, 55.6489175], [37.7446643, 55.648909], [37.7446098, 55.6489016], [37.7445521, 55.6490372], [37.7446692, 55.6490531]]]}, "properties": {"id": "b101184867", "floors": 3, "name": "", "osm_building": "roof", "addr": ""}}, {"type": "Feature", "geometry": {"type": "Polygon", "coordinates": [[[37.7439454, 55.6509373], [37.7438784, 55.6509282], [37.7438322, 55.650922], [37.743763, 55.6510848], [37.7438762, 55.6511001], [37.7439454, 55.6509373]]]}, "properties": {"id": "b101184868", "floors": 3, "name": "", "osm_building": "roof", "addr": ""}}, {"type": "Feature", "geometry": {"type": "Polygon", "coordinates": [[[37.7446425, 55.6491202], [37.744528, 55.649106], [37.74447, 55.6492545], [37.7445255, 55.6492614], [37.7445845, 55.6492688], [37.7446425, 55.6491202]]]}, "properties": {"id": "b101184869", "floors": 3, "name": "", "osm_building": "roof", "addr": ""}}, {"type": "Feature", "geometry": {"type": "Polygon", "coordinates": [[[37.7439303, 55.6486618], [37.7439536, 55.6485984], [37.743367, 55.6485225], [37.7433375, 55.6485876], [37.7439303, 55.6486618]]]}, "properties": {"id": "b107152987", "floors": 1, "name": "", "osm_building": "retail", "addr": "Люблинская улица 116 с1"}}, {"type": "Feature", "geometry": {"type": "Polygon", "coordinates": [[[37.7394797, 55.6545826], [37.7395097, 55.6545559], [37.7390273, 55.6543834], [37.7389831, 55.6544228], [37.7389266, 55.6544026], [37.7387106, 55.6545948], [37.7387765, 55.6546183], [37.7387317, 55.6546582], [37.7391783, 55.6548179], [37.7392594, 55.6547458], [37.7393299, 55.654771], [37.7395239, 55.6545984], [37.7394797, 55.6545826]]]}, "properties": {"id": "b119717685", "floors": 3, "name": "", "osm_building": "commercial", "addr": "Люблинская улица 100"}}, {"type": "Feature", "geometry": {"type": "Polygon", "coordinates": [[[37.7484346, 55.6461634], [37.7484827, 55.6460411], [37.7481925, 55.6460047], [37.7481443, 55.646127], [37.7484346, 55.6461634]]]}, "properties": {"id": "b205608603", "floors": 1, "name": "", "osm_building": "service", "addr": "Люблинская улица 175 с2"}}, {"type": "Feature", "geometry": {"type": "Polygon", "coordinates": [[[37.7350394, 55.6531968], [37.7350672, 55.6524546], [37.735, 55.6524538], [37.735, 55.6531963], [37.7350394, 55.6531968]]]}, "properties": {"id": "b234999243", "floors": 1, "name": "", "osm_building": "yes", "addr": ""}}, {"type": "Feature", "geometry": {"type": "Polygon", "coordinates": [[[37.7410769, 55.6491485], [37.741102, 55.6490811], [37.7409667, 55.649065], [37.7409415, 55.6491324], [37.7410769, 55.6491485]]]}, "properties": {"id": "b235470743", "floors": 1, "name": "", "osm_building": "yes", "addr": ""}}, {"type": "Feature", "geometry": {"type": "Polygon", "coordinates": [[[37.7408485, 55.649425], [37.7408641, 55.6493567], [37.7407144, 55.6493458], [37.7406988, 55.6494142], [37.7408485, 55.649425]]]}, "properties": {"id": "b235470744", "floors": 1, "name": "", "osm_building": "yes", "addr": ""}}, {"type": "Feature", "geometry": {"type": "Polygon", "coordinates": [[[37.7406621, 55.6492002], [37.7406045, 55.6491432], [37.7406044, 55.649142], [37.7404825, 55.6491804], [37.7405402, 55.6492387], [37.7406621, 55.6492002]]]}, "properties": {"id": "b235470745", "floors": 1, "name": "", "osm_building": "yes", "addr": ""}}, {"type": "Feature", "geometry": {"type": "Polygon", "coordinates": [[[37.7410593, 55.6492486], [37.7409142, 55.6492359], [37.7408952, 55.6493045], [37.7410404, 55.6493172], [37.7410593, 55.6492486]]]}, "properties": {"id": "b235470746", "floors": 1, "name": "", "osm_building": "yes", "addr": ""}}, {"type": "Feature", "geometry": {"type": "Polygon", "coordinates": [[[37.7429925, 55.6496304], [37.7433478, 55.6496694], [37.7433739, 55.6495937], [37.7430186, 55.6495547], [37.7429925, 55.6496304]]]}, "properties": {"id": "b237518493", "floors": 3, "name": "", "osm_building": "yes", "addr": "Люблинская улица 112А с3"}}, {"type": "Feature", "geometry": {"type": "Polygon", "coordinates": [[[37.7350267, 55.6522634], [37.735033, 55.6521995], [37.735, 55.6521985], [37.735, 55.6522626], [37.7350267, 55.6522634]]]}, "properties": {"id": "b258506479", "floors": 3, "name": "", "osm_building": "yes", "addr": ""}}, {"type": "Feature", "geometry": {"type": "Polygon", "coordinates": [[[37.7478435, 55.6506366], [37.7478711, 55.6505743], [37.7477701, 55.6505601], [37.7477425, 55.6506224], [37.7478435, 55.6506366]]]}, "properties": {"id": "b259886364", "floors": 3, "name": "", "osm_building": "service", "addr": ""}}, {"type": "Feature", "geometry": {"type": "Polygon", "coordinates": [[[37.7483792, 55.6516994], [37.7492875, 55.6518169], [37.7493438, 55.6516783], [37.7484354, 55.6515609], [37.7483792, 55.6516994]]]}, "properties": {"id": "b259886367", "floors": 3, "name": "", "osm_building": "hospital", "addr": ""}}, {"type": "Feature", "geometry": {"type": "Polygon", "coordinates": [[[37.7407429, 55.6453486], [37.7407386, 55.6452739], [37.7405776, 55.6452769], [37.7405819, 55.6453515], [37.7407429, 55.6453486]]]}, "properties": {"id": "b259888300", "floors": 1, "name": "", "osm_building": "roof", "addr": ""}}, {"type": "Feature", "geometry": {"type": "Polygon", "coordinates": [[[37.7402949, 55.6462363], [37.740448, 55.6462393], [37.7404525, 55.646165], [37.7402994, 55.646162], [37.7402949, 55.6462363]]]}, "properties": {"id": "b259888301", "floors": 1, "name": "", "osm_building": "roof", "addr": ""}}, {"type": "Feature", "geometry": {"type": "Polygon", "coordinates": [[[37.7405012, 55.644238], [37.7405097, 55.6441746], [37.7403697, 55.6441687], [37.7403613, 55.644232], [37.7405012, 55.644238]]]}, "properties": {"id": "b259888302", "floors": 1, "name": "", "osm_building": "roof", "addr": ""}}, {"type": "Feature", "geometry": {"type": "Polygon", "coordinates": [[[37.7397476, 55.6453992], [37.7397476, 55.6453536], [37.7397476, 55.6453337], [37.7395945, 55.6453337], [37.7395945, 55.6453992], [37.7397476, 55.6453992]]]}, "properties": {"id": "b259888303", "floors": 1, "name": "", "osm_building": "roof", "addr": ""}}, {"type": "Feature", "geometry": {"type": "Polygon", "coordinates": [[[37.7407104, 55.6451304], [37.7408688, 55.6451334], [37.7408734, 55.6450544], [37.740715, 55.6450515], [37.7407104, 55.6451304]]]}, "properties": {"id": "b259888304", "floors": 1, "name": "", "osm_building": "roof", "addr": ""}}, {"type": "Feature", "geometry": {"type": "Polygon", "coordinates": [[[37.7399811, 55.6450395], [37.7399726, 55.6451077], [37.7401231, 55.6451136], [37.7401316, 55.6450455], [37.7399811, 55.6450395]]]}, "properties": {"id": "b259888305", "floors": 1, "name": "", "osm_building": "roof", "addr": ""}}, {"type": "Feature", "geometry": {"type": "Polygon", "coordinates": [[[37.7401621, 55.6453426], [37.7401647, 55.6452609], [37.7400169, 55.6452594], [37.7400143, 55.6453411], [37.7401621, 55.6453426]]]}, "properties": {"id": "b259888306", "floors": 1, "name": "", "osm_building": "roof", "addr": ""}}, {"type": "Feature", "geometry": {"type": "Polygon", "coordinates": [[[37.7406229, 55.646229], [37.7407866, 55.6462349], [37.7407931, 55.6461784], [37.7406294, 55.6461724], [37.7406229, 55.646229]]]}, "properties": {"id": "b259888307", "floors": 1, "name": "", "osm_building": "roof", "addr": ""}}, {"type": "Feature", "geometry": {"type": "Polygon", "coordinates": [[[37.7398964, 55.6448083], [37.7398911, 55.6448754], [37.7399626, 55.6448771], [37.7399679, 55.6448101], [37.7398964, 55.6448083]]]}, "properties": {"id": "b259888308", "floors": 1, "name": "", "osm_building": "roof", "addr": ""}}, {"type": "Feature", "geometry": {"type": "Polygon", "coordinates": [[[37.7403428, 55.645038], [37.7403428, 55.6451021], [37.7404985, 55.6451021], [37.7404985, 55.645038], [37.7403428, 55.645038]]]}, "properties": {"id": "b259888309", "floors": 1, "name": "", "osm_building": "roof", "addr": ""}}, {"type": "Feature", "geometry": {"type": "Polygon", "coordinates": [[[37.7399125, 55.6442782], [37.7399125, 55.6443438], [37.7399811, 55.6443438], [37.7399811, 55.6442782], [37.7399125, 55.6442782]]]}, "properties": {"id": "b259888310", "floors": 1, "name": "", "osm_building": "roof", "addr": ""}}, {"type": "Feature", "geometry": {"type": "Polygon", "coordinates": [[[37.7396115, 55.6450425], [37.7396135, 55.6451082], [37.739764, 55.6451067], [37.739762, 55.645041], [37.7396115, 55.6450425]]]}, "properties": {"id": "b259888311", "floors": 1, "name": "", "osm_building": "roof", "addr": ""}}, {"type": "Feature", "geometry": {"type": "Polygon", "coordinates": [[[37.7387505, 55.6510207], [37.73876, 55.6509002], [37.7385112, 55.6508939], [37.7385017, 55.6510145], [37.7387505, 55.6510207]]]}, "properties": {"id": "b262556929", "floors": 3, "name": "", "osm_building": "yes", "addr": "Новочеркасский бульвар 49А"}}, {"type": "Feature", "geometry": {"type": "Polygon", "coordinates": [[[37.7439087, 55.6557567], [37.7439782, 55.6557861], [37.7441028, 55.655754], [37.7441509, 55.6557302], [37.7443157, 55.655681], [37.7441132, 55.6554083], [37.7437091, 55.6555038], [37.7439087, 55.6557567]]]}, "properties": {"id": "b262556930", "floors": 2, "name": "", "osm_building": "retail", "addr": "Люблинская улица 157 к3"}}, {"type": "Feature", "geometry": {"type": "Polygon", "coordinates": [[[37.7376241, 55.6499699], [37.7376262, 55.649897], [37.7374666, 55.6498956], [37.7374645, 55.6499684], [37.7376241, 55.6499699]]]}, "properties": {"id": "b267625723", "floors": 3, "name": "", "osm_building": "yes", "addr": ""}}, {"type": "Feature", "geometry": {"type": "Polygon", "coordinates": [[[37.7393821, 55.6508579], [37.7392556, 55.6507943], [37.7391527, 55.6508594], [37.7392792, 55.650923], [37.7393821, 55.6508579]]]}, "properties": {"id": "b267625724", "floors": 3, "name": "", "osm_building": "yes", "addr": ""}}, {"type": "Feature", "geometry": {"type": "Polygon", "coordinates": [[[37.7396474, 55.6495007], [37.7398126, 55.6495051], [37.7398186, 55.6494332], [37.7396534, 55.6494289], [37.7396474, 55.6495007]]]}, "properties": {"id": "b267625725", "floors": 3, "name": "", "osm_building": "yes", "addr": ""}}, {"type": "Feature", "geometry": {"type": "Polygon", "coordinates": [[[37.7366437, 55.6497482], [37.7368136, 55.6497555], [37.7368235, 55.6496823], [37.7366536, 55.649675], [37.7366437, 55.6497482]]]}, "properties": {"id": "b267625727", "floors": 3, "name": "", "osm_building": "yes", "addr": ""}}, {"type": "Feature", "geometry": {"type": "Polygon", "coordinates": [[[37.7362415, 55.6497333], [37.7364166, 55.6497392], [37.7364245, 55.6496634], [37.7362494, 55.6496576], [37.7362415, 55.6497333]]]}, "properties": {"id": "b267625728", "floors": 3, "name": "", "osm_building": "yes", "addr": ""}}, {"type": "Feature", "geometry": {"type": "Polygon", "coordinates": [[[37.7389141, 55.6513209], [37.7388261, 55.6512325], [37.7386963, 55.6512736], [37.7387843, 55.651362], [37.7389141, 55.6513209]]]}, "properties": {"id": "b267625731", "floors": 3, "name": "", "osm_building": "yes", "addr": ""}}, {"type": "Feature", "geometry": {"type": "Polygon", "coordinates": [[[37.73744, 55.6502084], [37.7376177, 55.6502127], [37.7376241, 55.6501296], [37.7374464, 55.6501253], [37.73744, 55.6502084]]]}, "properties": {"id": "b267625733", "floors": 3, "name": "", "osm_building": "yes", "addr": ""}}, {"type": "Feature", "geometry": {"type": "Polygon", "coordinates": [[[37.739809, 55.651215], [37.7399547, 55.651156], [37.7398676, 55.6510875], [37.7397218, 55.6511464], [37.739809, 55.651215]]]}, "properties": {"id": "b267625735", "floors": 3, "name": "", "osm_building": "yes", "addr": ""}}, {"type": "Feature", "geometry": {"type": "Polygon", "coordinates": [[[37.7374823, 55.6497145], [37.7376419, 55.6497188], [37.7376472, 55.6496561], [37.7374876, 55.6496518], [37.7374823, 55.6497145]]]}, "properties": {"id": "b267625737", "floors": 3, "name": "", "osm_building": "yes", "addr": ""}}, {"type": "Feature", "geometry": {"type": "Polygon", "coordinates": [[[37.73575, 55.6501485], [37.73575, 55.6500788], [37.735593, 55.6500788], [37.735593, 55.6501485], [37.73575, 55.6501485]]]}, "properties": {"id": "b267625738", "floors": 3, "name": "", "osm_building": "yes", "addr": ""}}, {"type": "Feature", "geometry": {"type": "Polygon", "coordinates": [[[37.7392957, 55.6510883], [37.7392187, 55.6510108], [37.739084, 55.6510533], [37.739161, 55.6511309], [37.7392957, 55.6510883]]]}, "properties": {"id": "b267625739", "floors": 3, "name": "", "osm_building": "yes", "addr": ""}}, {"type": "Feature", "geometry": {"type": "Polygon", "coordinates": [[[37.7460384, 55.6519498], [37.7460656, 55.6518835], [37.745926, 55.6518664], [37.745894, 55.65193], [37.7460384, 55.6519498]]]}, "properties": {"id": "b282238798", "floors": 3, "name": "", "osm_building": "yes", "addr": ""}}, {"type": "Feature", "geometry": {"type": "Polygon", "coordinates": [[[37.7508843, 55.6547202], [37.7507976, 55.6547877], [37.7509065, 55.6548322], [37.7509931, 55.6547647], [37.7508843, 55.6547202]]]}, "properties": {"id": "b282238800", "floors": 3, "name": "", "osm_building": "yes", "addr": ""}}, {"type": "Feature", "geometry": {"type": "Polygon", "coordinates": [[[37.7464291, 55.6519991], [37.7464545, 55.6519312], [37.7462976, 55.6519125], [37.7462723, 55.6519805], [37.7464291, 55.6519991]]]}, "properties": {"id": "b282238802", "floors": 3, "name": "", "osm_building": "yes", "addr": ""}}, {"type": "Feature", "geometry": {"type": "Polygon", "coordinates": [[[37.7451666, 55.6519357], [37.7450215, 55.6518076], [37.7448507, 55.6518692], [37.7449958, 55.6519973], [37.7451666, 55.6519357]]]}, "properties": {"id": "b282238805", "floors": 3, "name": "", "osm_building": "yes", "addr": "Люблинская улица 161 с1"}}, {"type": "Feature", "geometry": {"type": "Polygon", "coordinates": [[[37.7507785, 55.6545156], [37.75073, 55.654543], [37.750825, 55.6545965], [37.7508734, 55.6545692], [37.7507785, 55.6545156]]]}, "properties": {"id": "b282238806", "floors": 3, "name": "", "osm_building": "yes", "addr": ""}}, {"type": "Feature", "geometry": {"type": "Polygon", "coordinates": [[[37.7505262, 55.6553868], [37.7504354, 55.6554636], [37.7505392, 55.6555027], [37.75063, 55.6554258], [37.7505262, 55.6553868]]]}, "properties": {"id": "b282238814", "floors": 3, "name": "", "osm_building": "yes", "addr": ""}}, {"type": "Feature", "geometry": {"type": "Polygon", "coordinates": [[[37.7456506, 55.6519108], [37.7456772, 55.6518545], [37.7455345, 55.6518332], [37.7455103, 55.6518922], [37.7456506, 55.6519108]]]}, "properties": {"id": "b282238816", "floors": 3, "name": "", "osm_building": "yes", "addr": ""}}, {"type": "Feature", "geometry": {"type": "Polygon", "coordinates": [[[37.7499291, 55.6547632], [37.7501567, 55.6547986], [37.7503014, 55.6548549], [37.7505149, 55.6546773], [37.7503318, 55.6546043], [37.7502716, 55.6546445], [37.7500281, 55.654421], [37.7496856, 55.6545397], [37.7499291, 55.6547632]]]}, "properties": {"id": "b282238818", "floors": 3, "name": "", "osm_building": "school", "addr": ""}}, {"type": "Feature", "geometry": {"type": "Polygon", "coordinates": [[[37.7419786, 55.648406], [37.7419691, 55.6484314], [37.7420498, 55.648441], [37.7420593, 55.6484156], [37.7419786, 55.648406]]]}, "properties": {"id": "b284803075", "floors": 1, "name": "", "osm_building": "kiosk", "addr": ""}}, {"type": "Feature", "geometry": {"type": "Polygon", "coordinates": [[[37.7415181, 55.6475283], [37.7415664, 55.6473749], [37.7410784, 55.647326], [37.7410302, 55.6474793], [37.7415181, 55.6475283]]]}, "properties": {"id": "b284803076", "floors": 1, "name": "", "osm_building": "retail", "addr": "Новочеркасский бульвар 57с4"}}, {"type": "Feature", "geometry": {"type": "Polygon", "coordinates": [[[37.7427191, 55.6479416], [37.7427601, 55.6478389], [37.7426254, 55.6478218], [37.7425844, 55.6479245], [37.7427191, 55.6479416]]]}, "properties": {"id": "b284803088", "floors": 1, "name": "", "osm_building": "yes", "addr": "Новочеркасский бульвар 57 с3"}}, {"type": "Feature", "geometry": {"type": "Polygon", "coordinates": [[[37.7446961, 55.6527973], [37.7445852, 55.6527799], [37.7445567, 55.6528377], [37.7446676, 55.6528551], [37.7446961, 55.6527973]]]}, "properties": {"id": "b284803089", "floors": 3, "name": "", "osm_building": "yes", "addr": ""}}, {"type": "Feature", "geometry": {"type": "Polygon", "coordinates": [[[37.7389883, 55.6482975], [37.7391445, 55.6483178], [37.7398901, 55.6484145], [37.7400296, 55.6484326], [37.7400946, 55.6482732], [37.7393746, 55.6481798], [37.7390533, 55.6481382], [37.7389883, 55.6482975]]]}, "properties": {"id": "b284803092", "floors": 1, "name": "", "osm_building": "apartments", "addr": "Новочеркасский бульвар 51"}}, {"type": "Feature", "geometry": {"type": "Polygon", "coordinates": [[[37.743831, 55.6482555], [37.7438153, 55.6482631], [37.7438051, 55.6482732], [37.7438016, 55.6482847], [37.7438052, 55.6482961], [37.7438144, 55.6483055], [37.7438283, 55.6483128], [37.7438456, 55.6483173], [37.7438645, 55.6483185], [37.7438831, 55.6483163], [37.7438996, 55.6483109], [37.7439122, 55.648303], [37.7439199, 55.6482931], [37.7439217, 55.6482825], [37.7439175, 55.648272], [37.7439066, 55.6482621], [37.7438904, 55.6482548], [37.7438709, 55.6482511], [37.7438503, 55.6482513], [37.743831, 55.6482555]]]}, "properties": {"id": "b284803093", "floors": 1, "name": "", "osm_building": "service", "addr": ""}}, {"type": "Feature", "geometry": {"type": "Polygon", "coordinates": [[[37.7353063, 55.6527785], [37.735318, 55.6525153], [37.7352814, 55.6525147], [37.7350987, 55.6525122], [37.735087, 55.6527753], [37.7353063, 55.6527785]]]}, "properties": {"id": "b287005454", "floors": 1, "name": "", "osm_building": "yes", "addr": ""}}, {"type": "Feature", "geometry": {"type": "Polygon", "coordinates": [[[37.7360522, 55.6478212], [37.7360566, 55.6477901], [37.7359355, 55.6477847], [37.7359312, 55.6478158], [37.7360522, 55.6478212]]]}, "properties": {"id": "b302601910", "floors": 1, "name": "", "osm_building": "kiosk", "addr": ""}}, {"type": "Feature", "geometry": {"type": "Polygon", "coordinates": [[[37.7412168, 55.6501901], [37.7412384, 55.6501205], [37.7410888, 55.6501057], [37.7410755, 55.6501486], [37.7411242, 55.6501534], [37.741116, 55.6501801], [37.7412168, 55.6501901]]]}, "properties": {"id": "b307997826", "floors": 1, "name": "", "osm_building": "yes", "addr": "Новочеркасский бульвар 55 с3"}}, {"type": "Feature", "geometry": {"type": "Polygon", "coordinates": [[[37.7440705, 55.6486198], [37.7439909, 55.6486122], [37.7439864, 55.6486271], [37.744066, 55.6486347], [37.7440705, 55.6486198]]]}, "properties": {"id": "b310486504", "floors": 1, "name": "", "osm_building": "kiosk", "addr": ""}}, {"type": "Feature", "geometry": {"type": "Polygon", "coordinates": [[[37.7373254, 55.6530321], [37.7373566, 55.652957], [37.7372147, 55.6529383], [37.7371836, 55.6530134], [37.7373254, 55.6530321]]]}, "properties": {"id": "b312588486", "floors": 3, "name": "", "osm_building": "yes", "addr": ""}}, {"type": "Feature", "geometry": {"type": "Polygon", "coordinates": [[[37.7373884, 55.6528731], [37.737414, 55.6527948], [37.7372714, 55.65278], [37.7372459, 55.6528583], [37.7373884, 55.6528731]]]}, "properties": {"id": "b312588487", "floors": 3, "name": "", "osm_building": "yes", "addr": ""}}, {"type": "Feature", "geometry": {"type": "Polygon", "coordinates": [[[37.753529, 55.649188], [37.7535724, 55.6490769], [37.753466, 55.6490636], [37.7534225, 55.6491748], [37.753529, 55.649188]]]}, "properties": {"id": "b313219998", "floors": 3, "name": "", "osm_building": "yes", "addr": ""}}, {"type": "Feature", "geometry": {"type": "Polygon", "coordinates": [[[37.7427359, 55.6464488], [37.7427695, 55.6463662], [37.7427438, 55.6463628], [37.7427359, 55.6463829], [37.7426756, 55.6463757], [37.7426509, 55.6464398], [37.7427359, 55.6464488]]]}, "properties": {"id": "b342967434", "floors": 3, "name": "", "osm_building": "yes", "addr": ""}}, {"type": "Feature", "geometry": {"type": "Polygon", "coordinates": [[[37.7444745, 55.6530747], [37.7445169, 55.6529692], [37.7444032, 55.6529547], [37.7439651, 55.6528987], [37.7439082, 55.6528914], [37.7439377, 55.652818], [37.7440204, 55.6526121], [37.7440591, 55.6525158], [37.744164, 55.6522545], [37.7442833, 55.6519576], [37.7443045, 55.6519047], [37.7444411, 55.6519222], [37.7444839, 55.6518156], [37.7443253, 55.6518071], [37.7441284, 55.6517815], [37.7440892, 55.6518946], [37.7438242, 55.6525852], [37.7437122, 55.6528772], [37.7436869, 55.6529378], [37.7436324, 55.6530682], [37.7438863, 55.6531011], [37.7438979, 55.6530846], [37.7441897, 55.6531077], [37.7442422, 55.6530978], [37.7444552, 55.6531225], [37.7444745, 55.6530747]]]}, "properties": {"id": "b425156528", "floors": 14, "name": "", "osm_building": "apartments", "addr": "Люблинская улица 161"}}, {"type": "Feature", "geometry": {"type": "Polygon", "coordinates": [[[37.7443796, 55.6559819], [37.7444846, 55.6559369], [37.7451078, 55.6556703], [37.7451896, 55.6557311], [37.7453338, 55.6556694], [37.745257, 55.6556123], [37.7452012, 55.6556362], [37.745126, 55.6555802], [37.7450216, 55.6556249], [37.7449739, 55.6555893], [37.7443666, 55.6558492], [37.7443151, 55.6558712], [37.744262, 55.6557979], [37.7439482, 55.6558628], [37.7440141, 55.6559815], [37.7440385, 55.656], [37.7444039, 55.656], [37.7443796, 55.6559819]]]}, "properties": {"id": "b425156529", "floors": 14, "name": "", "osm_building": "apartments", "addr": "улица Перерва 52"}}, {"type": "Feature", "geometry": {"type": "Polygon", "coordinates": [[[37.7425704, 55.6509785], [37.7426716, 55.6509908], [37.7427112, 55.6508876], [37.74261, 55.6508753], [37.7425704, 55.6509785]]]}, "properties": {"id": "b450136672", "floors": 1, "name": "", "osm_building": "retail", "addr": "Люблинская улица 112А с2"}}, {"type": "Feature", "geometry": {"type": "Polygon", "coordinates": [[[37.7426176, 55.650856], [37.7427188, 55.6508683], [37.7427584, 55.6507651], [37.7426572, 55.6507528], [37.7426176, 55.650856]]]}, "properties": {"id": "b450136673", "floors": 1, "name": "", "osm_building": "retail", "addr": ""}}, {"type": "Feature", "geometry": {"type": "Polygon", "coordinates": [[[37.742611, 55.6507348], [37.7425756, 55.6507303], [37.7425599, 55.6507697], [37.7425953, 55.6507742], [37.742611, 55.6507348]]]}, "properties": {"id": "b450136679", "floors": 1, "name": "", "osm_building": "kiosk", "addr": ""}}, {"type": "Feature", "geometry": {"type": "Polygon", "coordinates": [[[37.7372812, 55.6547989], [37.7373248, 55.6547634], [37.7372721, 55.6547428], [37.7372286, 55.6547784], [37.7372812, 55.6547989]]]}, "properties": {"id": "b452913203", "floors": 2, "name": "", "osm_building": "yes", "addr": ""}}, {"type": "Feature", "geometry": {"type": "Polygon", "coordinates": [[[37.7518683, 55.6451602], [37.7518951, 55.6451], [37.7517625, 55.6450812], [37.7517356, 55.6451413], [37.7518683, 55.6451602]]]}, "properties": {"id": "b486121570", "floors": 3, "name": "", "osm_building": "yes", "addr": ""}}, {"type": "Feature", "geometry": {"type": "Polygon", "coordinates": [[[37.7515929, 55.6476234], [37.7515554, 55.6477021], [37.7516256, 55.6477128], [37.7516378, 55.6476874], [37.7516852, 55.6476946], [37.7517107, 55.6476413], [37.7515929, 55.6476234]]]}, "properties": {"id": "b486127416", "floors": 3, "name": "", "osm_building": "service", "addr": ""}}, {"type": "Feature", "geometry": {"type": "Polygon", "coordinates": [[[37.7533522, 55.650018], [37.7533793, 55.6499576], [37.7532643, 55.6499412], [37.7532372, 55.6500016], [37.7533522, 55.650018]]]}, "properties": {"id": "b486392319", "floors": 3, "name": "", "osm_building": "yes", "addr": ""}}, {"type": "Feature", "geometry": {"type": "Polygon", "coordinates": [[[37.7492344, 55.6445415], [37.7492874, 55.644403], [37.7492512, 55.6443986], [37.749265, 55.6443627], [37.7491182, 55.6443448], [37.7491025, 55.6443857], [37.7488894, 55.6443597], [37.7489042, 55.644321], [37.7487693, 55.6443046], [37.7487551, 55.6443416], [37.7485485, 55.6443164], [37.7485633, 55.6442778], [37.7484151, 55.6442597], [37.7483985, 55.6443031], [37.748228, 55.6442823], [37.7481636, 55.6442744], [37.7481737, 55.6442481], [37.7480749, 55.6442361], [37.7480648, 55.6442624], [37.7479992, 55.6442544], [37.7479905, 55.6442772], [37.7478954, 55.6442656], [37.7478562, 55.6443677], [37.7479627, 55.6443807], [37.7481801, 55.6444072], [37.7484833, 55.6444442], [37.7484918, 55.6444221], [37.7486759, 55.6444446], [37.7486686, 55.6444637], [37.7488504, 55.6444859], [37.7488562, 55.6444708], [37.7489767, 55.6444855], [37.7489661, 55.6445134], [37.7490294, 55.6445211], [37.7490177, 55.6445516], [37.7491759, 55.6445709], [37.7491893, 55.644536], [37.7492344, 55.6445415]]]}, "properties": {"id": "b486733046", "floors": 10, "name": "", "osm_building": "apartments", "addr": "Люблинская улица 179/1"}}, {"type": "Feature", "geometry": {"type": "Polygon", "coordinates": [[[37.7504414, 55.6499516], [37.750466, 55.6498913], [37.7503622, 55.6498778], [37.7503377, 55.6499381], [37.7504414, 55.6499516]]]}, "properties": {"id": "b494103135", "floors": 1, "name": "", "osm_building": "service", "addr": ""}}, {"type": "Feature", "geometry": {"type": "Polygon", "coordinates": [[[37.744203, 55.6549804], [37.7441982, 55.6549255], [37.7440633, 55.6549292], [37.744068, 55.6549841], [37.744203, 55.6549804]]]}, "properties": {"id": "b494136435", "floors": 1, "name": "", "osm_building": "service", "addr": ""}}, {"type": "Feature", "geometry": {"type": "Polygon", "coordinates": [[[37.7447423, 55.6514858], [37.7444678, 55.6514995], [37.7445138, 55.6514131], [37.7444907, 55.6514081], [37.744594, 55.6512339], [37.7446417, 55.6511673], [37.7447396, 55.6511395], [37.7449345, 55.6511456], [37.7448512, 55.651112], [37.744778, 55.6510998], [37.7446792, 55.6510953], [37.7445764, 55.6511065], [37.7444736, 55.6511422], [37.7443747, 55.6512247], [37.7442402, 55.6515705], [37.7447326, 55.6516363], [37.744778, 55.6515326], [37.7448255, 55.651517], [37.744751, 55.6514422], [37.7447423, 55.6514858]]]}, "properties": {"id": "b494152858", "floors": 3, "name": "", "osm_building": "retail", "addr": "Люблинская улица 163/1"}}, {"type": "Feature", "geometry": {"type": "Polygon", "coordinates": [[[37.7452758, 55.6445974], [37.7453047, 55.644623], [37.7453584, 55.6446217], [37.7453833, 55.6445948], [37.7453544, 55.6445693], [37.7453007, 55.6445705], [37.7452758, 55.6445974]]]}, "properties": {"id": "b533191532", "floors": 1, "name": "", "osm_building": "service", "addr": ""}}, {"type": "Feature", "geometry": {"type": "Polygon", "coordinates": [[[37.7435786, 55.6467845], [37.7435905, 55.6467494], [37.743553, 55.6467454], [37.743541, 55.6467804], [37.7435786, 55.6467845]]]}, "properties": {"id": "b540837735", "floors": 1, "name": "", "osm_building": "kiosk", "addr": ""}}, {"type": "Feature", "geometry": {"type": "Polygon", "coordinates": [[[37.7488709, 55.6487419], [37.748809, 55.6487346], [37.7488012, 55.6487557], [37.748863, 55.6487631], [37.7488709, 55.6487419]]]}, "properties": {"id": "b540846069", "floors": 1, "name": "", "osm_building": "kiosk", "addr": ""}}, {"type": "Feature", "geometry": {"type": "Polygon", "coordinates": [[[37.7427696, 55.6485596], [37.7427403, 55.6485804], [37.7428049, 55.6486094], [37.7428342, 55.6485886], [37.7427696, 55.6485596]]]}, "properties": {"id": "b541942902", "floors": 1, "name": "", "osm_building": "kiosk", "addr": ""}}, {"type": "Feature", "geometry": {"type": "Polygon", "coordinates": [[[37.746617, 55.6470586], [37.7465647, 55.6470521], [37.746547, 55.6470975], [37.7465992, 55.647104], [37.746617, 55.6470586]]]}, "properties": {"id": "b542161712", "floors": 1, "name": "", "osm_building": "kiosk", "addr": ""}}, {"type": "Feature", "geometry": {"type": "Polygon", "coordinates": [[[37.7529269, 55.6468476], [37.7529126, 55.6468767], [37.7529921, 55.6468891], [37.7530065, 55.6468601], [37.7529269, 55.6468476]]]}, "properties": {"id": "b542163211", "floors": 1, "name": "", "osm_building": "kiosk", "addr": ""}}, {"type": "Feature", "geometry": {"type": "Polygon", "coordinates": [[[37.746278, 55.650912], [37.7462673, 55.6509417], [37.7463481, 55.650951], [37.7463589, 55.6509214], [37.746278, 55.650912]]]}, "properties": {"id": "b544696189", "floors": 1, "name": "", "osm_building": "kiosk", "addr": ""}}, {"type": "Feature", "geometry": {"type": "Polygon", "coordinates": [[[37.7402924, 55.6523936], [37.740326, 55.652299], [37.7402084, 55.6522858], [37.7401748, 55.6523804], [37.7402924, 55.6523936]]]}, "properties": {"id": "b642002868", "floors": 1, "name": "", "osm_building": "service", "addr": ""}}, {"type": "Feature", "geometry": {"type": "Polygon", "coordinates": [[[37.7393336, 55.6529076], [37.7393417, 55.6528816], [37.7394021, 55.6528876], [37.7394199, 55.65283], [37.7393713, 55.6528252], [37.7393798, 55.652798], [37.7393364, 55.6527937], [37.7393265, 55.6528254], [37.7392928, 55.6528221], [37.7392682, 55.6529011], [37.7393336, 55.6529076]]]}, "properties": {"id": "b642002875", "floors": 1, "name": "", "osm_building": "service", "addr": ""}}, {"type": "Feature", "geometry": {"type": "Polygon", "coordinates": [[[37.7483063, 55.6486315], [37.748432, 55.648312], [37.7481671, 55.6482788], [37.7481169, 55.6484064], [37.7481461, 55.6484101], [37.7481268, 55.6484591], [37.7479999, 55.6484432], [37.7479437, 55.6485861], [37.7483063, 55.6486315]]]}, "properties": {"id": "b669810187", "floors": 3, "name": "", "osm_building": "yes", "addr": ""}}, {"type": "Feature", "geometry": {"type": "Polygon", "coordinates": [[[37.7484723, 55.6482906], [37.7485105, 55.6482806], [37.7485392, 55.648269], [37.7485597, 55.6482467], [37.7485474, 55.6482197], [37.7485174, 55.6481943], [37.7482906, 55.6481719], [37.7482606, 55.648266], [37.7484723, 55.6482906]]]}, "properties": {"id": "b669810189", "floors": 3, "name": "", "osm_building": "yes", "addr": ""}}, {"type": "Feature", "geometry": {"type": "Polygon", "coordinates": [[[37.7544558, 55.6481188], [37.7545601, 55.6481274], [37.754583, 55.6480391], [37.7544262, 55.6480261], [37.7544114, 55.6480833], [37.7544639, 55.6480876], [37.7544558, 55.6481188]]]}, "properties": {"id": "b669828438", "floors": 1, "name": "", "osm_building": "service", "addr": ""}}, {"type": "Feature", "geometry": {"type": "Polygon", "coordinates": [[[37.7545241, 55.6463614], [37.7544982, 55.6464326], [37.7545964, 55.646443], [37.7546224, 55.6463729], [37.7545241, 55.6463614]]]}, "properties": {"id": "b669831883", "floors": 1, "name": "", "osm_building": "service", "addr": ""}}, {"type": "Feature", "geometry": {"type": "Polygon", "coordinates": [[[37.7377532, 55.6474604], [37.7378399, 55.6471855], [37.7376806, 55.6471695], [37.7375939, 55.6474444], [37.7377532, 55.6474604]]]}, "properties": {"id": "b760159339", "floors": 2, "name": "", "osm_building": "industrial", "addr": "Новочеркасский бульвар 43А"}}, {"type": "Feature", "geometry": {"type": "Polygon", "coordinates": [[[37.7468146, 55.6480951], [37.7467135, 55.6480806], [37.7466893, 55.6481344], [37.7467905, 55.6481488], [37.7468146, 55.6480951]]]}, "properties": {"id": "b760199066", "floors": 1, "name": "", "osm_building": "yes", "addr": ""}}, {"type": "Feature", "geometry": {"type": "Polygon", "coordinates": [[[37.7467315, 55.6482972], [37.7467543, 55.6482442], [37.7466551, 55.6482306], [37.7466322, 55.6482835], [37.7467315, 55.6482972]]]}, "properties": {"id": "b760199067", "floors": 1, "name": "", "osm_building": "yes", "addr": ""}}, {"type": "Feature", "geometry": {"type": "Polygon", "coordinates": [[[37.743745, 55.6544404], [37.7437297, 55.6543361], [37.7436174, 55.6543437], [37.7434692, 55.6543626], [37.7434524, 55.654313], [37.7432165, 55.6543285], [37.7433261, 55.6547398], [37.7434903, 55.6547301], [37.7436014, 55.6551814], [37.7436922, 55.6551775], [37.7437059, 55.6552472], [37.7438233, 55.6552434], [37.7438403, 55.6552905], [37.7439453, 55.6552877], [37.7441096, 55.6552775], [37.7444357, 55.6552524], [37.7447029, 55.6552316], [37.7447024, 55.6551928], [37.7448204, 55.6551845], [37.7448124, 55.6551133], [37.7448829, 55.6551052], [37.7448699, 55.6550329], [37.7446921, 55.6550433], [37.7446992, 55.6550929], [37.7447024, 55.6551151], [37.7439177, 55.6551684], [37.7438283, 55.6551745], [37.7437801, 55.6551778], [37.7437286, 55.6549707], [37.7436691, 55.6547318], [37.7436174, 55.6545238], [37.7435993, 55.6544513], [37.743745, 55.6544404]]]}, "properties": {"id": "b802326722", "floors": 14, "name": "", "osm_building": "apartments", "addr": "Люблинская улица 157"}}, {"type": "Feature", "geometry": {"type": "Polygon", "coordinates": [[[37.7396955, 55.6442536], [37.7396981, 55.644195], [37.7395941, 55.6441935], [37.7395914, 55.6442521], [37.7396955, 55.6442536]]]}, "properties": {"id": "b900343158", "floors": 1, "name": "", "osm_building": "service", "addr": ""}}, {"type": "Feature", "geometry": {"type": "Polygon", "coordinates": [[[37.7392848, 55.6460088], [37.7391918, 55.6460079], [37.73919, 55.6460699], [37.739283, 55.6460708], [37.7392848, 55.6460088]]]}, "properties": {"id": "b922921016", "floors": 1, "name": "", "osm_building": "service", "addr": ""}}, {"type": "Feature", "geometry": {"type": "Polygon", "coordinates": [[[37.742034, 55.647433], [37.7419428, 55.6474217], [37.7419237, 55.6474708], [37.7420148, 55.6474821], [37.742034, 55.647433]]]}, "properties": {"id": "b967513274", "floors": 1, "name": "", "osm_building": "yes", "addr": ""}}, {"type": "Feature", "geometry": {"type": "Polygon", "coordinates": [[[37.7426813, 55.6442796], [37.7426841, 55.6442325], [37.7426096, 55.6442311], [37.7426068, 55.6442782], [37.7426813, 55.6442796]]]}, "properties": {"id": "b1078051541", "floors": 3, "name": "", "osm_building": "yes", "addr": ""}}, {"type": "Feature", "geometry": {"type": "Polygon", "coordinates": [[[37.7519845, 55.6536012], [37.7521266, 55.6536609], [37.752175, 55.6536243], [37.7520329, 55.6535645], [37.7519845, 55.6536012]]]}, "properties": {"id": "b1233865731", "floors": 3, "name": "", "osm_building": "yes", "addr": ""}}, {"type": "Feature", "geometry": {"type": "Polygon", "coordinates": [[[37.7517716, 55.6535244], [37.7518641, 55.6535622], [37.7519175, 55.6535206], [37.751825, 55.6534828], [37.7517716, 55.6535244]]]}, "properties": {"id": "b1233865732", "floors": 3, "name": "", "osm_building": "yes", "addr": ""}}, {"type": "Feature", "geometry": {"type": "Polygon", "coordinates": [[[37.7514561, 55.6533796], [37.7517284, 55.6534863], [37.7517821, 55.6534427], [37.7515098, 55.653336], [37.7514561, 55.6533796]]]}, "properties": {"id": "b1233865733", "floors": 3, "name": "", "osm_building": "yes", "addr": ""}}, {"type": "Feature", "geometry": {"type": "Polygon", "coordinates": [[[37.7514321, 55.6531242], [37.7513005, 55.6530755], [37.7512678, 55.6531064], [37.7512235, 55.653176], [37.7512403, 55.6531839], [37.7511907, 55.6532293], [37.7512765, 55.6532581], [37.7514321, 55.6531242]]]}, "properties": {"id": "b1233865736", "floors": 3, "name": "", "osm_building": "yes", "addr": ""}}, {"type": "Feature", "geometry": {"type": "Polygon", "coordinates": [[[37.7517486, 55.6528563], [37.7518098, 55.6528052], [37.751677, 55.6527546], [37.7516158, 55.6528056], [37.7517486, 55.6528563]]]}, "properties": {"id": "b1233865737", "floors": 3, "name": "", "osm_building": "yes", "addr": ""}}, {"type": "Feature", "geometry": {"type": "Polygon", "coordinates": [[[37.7514859, 55.6530807], [37.7516535, 55.6529369], [37.7515219, 55.6528881], [37.7513543, 55.6530318], [37.7514859, 55.6530807]]]}, "properties": {"id": "b1233865738", "floors": 3, "name": "", "osm_building": "yes", "addr": ""}}, {"type": "Feature", "geometry": {"type": "Polygon", "coordinates": [[[37.7549559, 55.6458773], [37.7549772, 55.645831], [37.7548483, 55.6458121], [37.754827, 55.6458584], [37.7549559, 55.6458773]]]}, "properties": {"id": "b1306369880", "floors": 1, "name": "", "osm_building": "yes", "addr": ""}}, {"type": "Feature", "geometry": {"type": "Polygon", "coordinates": [[[37.7511157, 55.6476428], [37.7511451, 55.6475631], [37.7509948, 55.6475455], [37.7509654, 55.6476252], [37.7511157, 55.6476428]]]}, "properties": {"id": "b1353880498", "floors": 1, "name": "", "osm_building": "roof", "addr": ""}}, {"type": "Feature", "geometry": {"type": "Polygon", "coordinates": [[[37.7507567, 55.6477781], [37.750783, 55.6477069], [37.7507046, 55.6476977], [37.7506784, 55.647769], [37.7507567, 55.6477781]]]}, "properties": {"id": "b1353880499", "floors": 1, "name": "", "osm_building": "roof", "addr": ""}}, {"type": "Feature", "geometry": {"type": "Polygon", "coordinates": [[[37.7512058, 55.6478367], [37.7512336, 55.6477614], [37.7510817, 55.6477435], [37.7510539, 55.6478189], [37.7512058, 55.6478367]]]}, "properties": {"id": "b1353880500", "floors": 1, "name": "", "osm_building": "roof", "addr": ""}}, {"type": "Feature", "geometry": {"type": "Polygon", "coordinates": [[[37.7535859, 55.6488895], [37.7536238, 55.6488023], [37.7534596, 55.6487796], [37.7534217, 55.6488667], [37.7535859, 55.6488895]]]}, "properties": {"id": "b1452261972", "floors": 3, "name": "", "osm_building": "yes", "addr": "Луговой проезд 5/2"}}]}